country_code,country,year,fdi_pct_gdp,bm_growth,real_interest_rate,gdp_growth,gdppc,ln_gdppc,trade_pct_gdp,d_ln_exr,inflation,rq,rl,ge,cc,va,pv,wgi_composite,gdp_current_usd,population,hc_index,exr_lcu_usd
BRN,Brunei Darussalam,2000,8.36413523538418,47.028943948113024,3.0507709785604953,3.4746762767258588,20130.257234662356,9.909979297223941,87.05533298776969,3.855154400357652,2.3767207156063535,0.7352101,0.7763369,0.46794359999999996,0.3709386,-0.9017592999999999,1.3283584720000001,0.5876072999999999,6570999087.567425,342648.82,2.61132383346558,1.72396333333333
BRN,Brunei Darussalam,2001,0.9956216011005181,-1.936401692770487,11.02114021052113,1.4660608198711031,18287.827228191374,9.81399093871259,91.09978761968566,3.855154400357652,-4.973053060031447,,,,,,,,6096155767.3814535,342648.82,2.61798334121704,1.7917225
BRN,Brunei Darussalam,2002,3.626542715260879,1.8854203176851962,5.6430240890632195,3.9614389000248025,18621.292257752495,9.832060950020757,93.21618147224771,-0.0633203960980655,-0.13538431931165462,1.2956322,0.7815546,0.46810759999999996,0.18455829999999998,-0.8024418999999999,1.0153957999999998,0.6824631749999999,6333082875.5693655,342648.82,2.6246600151062,1.79058833333333
BRN,Brunei Darussalam,2003,1.7274784763881308,4.0710588721584635,-0.76189501480855,3.583429099789967,20677.90011431882,9.93682078160585,89.08561609875599,-2.7405127781441885,6.309970364451203,1.1730273,0.7793346,0.45971399999999996,0.1825345,-0.8619091,1.0479687,0.6486526,7167725261.927134,346637.0,2.63135361671448,1.74218333333333
BRN,Brunei Darussalam,2004,1.3134182494197866,15.834672083040658,-9.47465919647903,0.10453837260331511,24423.094699554782,10.103284467708868,84.88216666381916,-3.02754876184288,16.54195285382079,0.7918227,0.6210766,0.40734549999999997,0.20830649999999998,-0.8784506999999999,1.0993465,0.5071378249999999,8619178773.514578,352911.0,2.63806438446045,1.69022833333333
BRN,Brunei Darussalam,2005,1.6598573371678753,-1.936401692770487,-12.450760317229014,-0.003925316607464424,29386.27038228621,10.28828285045142,81.62011401552324,-1.5400432207170578,20.503616458889226,1.1720431999999998,0.16165759999999998,0.45521839999999997,0.17896309999999999,-0.7641212,1.1115893,0.49197057499999997,10547202620.528637,358916.0,2.64479231834412,1.6643975
BRN,Brunei Darussalam,2006,0.6946761009178788,2.11689429640714,-4.042364946656927,4.098412573085881,34674.79952364521,10.45376846358435,81.57095474296892,-4.640026451634066,9.944351943805515,1.1694272,0.1605095,0.6451745,0.18421289999999998,-0.790858,1.1147080999999999,0.539831025,12644616418.691034,364663.0,2.65514659881592,1.58893333333333
BRN,Brunei Darussalam,2007,1.918069922251921,6.706154565568921,0.7670825353540269,-3.7636232625464743,36217.329070601496,10.49729298687962,81.01141463689581,-5.287455124689622,4.696888453613241,1.1739818,0.3784568,0.6480843,0.18045239999999999,-0.8301993,1.1198586,0.595243825,13432029484.40119,370873.0,2.66554164886475,1.50710166666666
BRN,Brunei Darussalam,2008,1.395065809396078,9.578762406764932,-9.068003682876727,-3.9007110171511385,42156.568583867185,10.64914578957714,89.74542535233438,-6.15288071439103,16.020767466790403,0.949121,0.4440116,0.6779864,0.2792377,-0.7953142999999999,1.1203026,0.587589175,15926456515.004934,377793.0,2.6759774684906,1.41716666666666
BRN,Brunei Darussalam,2009,2.733059998232977,9.655606150990263,27.092781841957336,-1.900253672025471,30946.467377382753,10.340014131933783,90.2870882587894,2.605025154150126,-12.073689811933491,1.0232638,0.6593956999999999,0.7798183999999999,0.9266342999999999,-0.5939329999999999,1.3123741,0.8472780499999999,11912904509.858246,384952.0,2.68645405769348,1.45456927332329
BRN,Brunei Darussalam,2010,3.507100788356135,4.807045687165953,0.4952465487708429,2.7413643945616286,34937.55553571547,10.461317619469444,95.37154602261324,-6.464795337450157,4.980089728721964,1.0035146,0.6410918,0.7436708999999999,0.9284874999999999,-0.578133,1.2633781,0.8291911999999999,13707121038.438322,392332.0,2.69697141647339,1.36350947368421
BRN,Brunei Darussalam,2011,3.731055684580917,10.054891806322523,-12.215572323754516,3.7444062552487054,46382.827425534895,10.744684571123353,99.53793090381791,-8.0607856832369,20.18076872254686,1.0180884,0.6708763999999999,0.7425023,0.9453189999999999,-0.5124769,0.9587232,0.844196525,18524791062.656956,399389.0,2.72146034240723,1.25791302014692
BRN,Brunei Darussalam,2012,4.540557538099018,0.8990789575110131,4.228153700598188,0.9131351896644873,46968.59711649224,10.757234510925265,105.64090214081861,-0.66569100021176,1.2202521624390101,0.9898505999999999,0.6338541999999999,0.7478848,0.9671206999999999,-0.4945562,0.9016489999999999,0.834677575,19048443340.773243,405557.0,2.73249530792236,1.2512140286467777
BRN,Brunei Darussalam,2013,4.286700848091971,1.4662689657432033,8.565331041311381,-2.1247829266455796,44003.064427346115,10.692014556551271,110.93959958421615,0.1278548073185115,-2.8234897935741117,1.0783592,0.46899939999999996,0.8076506,0.9963226,-0.486417,0.9634697999999999,0.83783295,18094148098.653576,411202.0,2.74364900588989,1.2512140286467777
BRN,Brunei Darussalam,2014,3.356609011551019,3.221126116469443,7.4841742789157895,-2.507887275907109,41026.508424795655,10.62197368371125,102.42100096303508,1.2607916039553968,-1.8460152782743222,1.0142248,0.4540224,1.1383824999999999,1.2036828,-0.4797516,1.2566861,0.952578125,17097797386.03359,416750.0,2.75492358207703,1.26704012308139
BRN,Brunei Darussalam,2015,1.3247117954403338,-1.7593650562943028,27.092781841957336,-0.3923837495020308,30625.128774465637,10.329576152718698,89.89618825335847,8.170532010373321,-12.073689811933491,0.9482166999999999,0.37458929999999996,1.1373096,1.2048250999999999,-0.5638299999999999,1.2031979,0.916235175,12930296870.124685,422212.0,2.76632022857666,1.37491084459887
BRN,Brunei Darussalam,2016,-1.3205904732439486,1.5092689928468153,16.150406134744415,-2.477917718332236,26663.29729506015,10.19104326556965,87.319801332806,0.4670132209615596,-9.16949538892618,0.7803650999999999,0.2656862,0.9756594,1.0855420999999998,-0.6163268,1.0333017,0.7768131999999999,11400266044.665098,427564.0,2.77784085273743,1.38134687688286
BRN,Brunei Darussalam,2017,3.858188215858968,-0.44158505559185113,0.519012853488807,1.3287266105782294,28024.382458025215,10.24083021230151,85.17686042699853,-0.032995913273292654,4.955268665213836,0.8630799,0.29364589999999996,1.0134455,1.2166994,-0.7580815,1.0788022,0.846717675,12128168045.124489,432772.0,2.78948664665222,1.3808911640528
BRN,Brunei Darussalam,2018,3.804865528308425,2.8375155003739936,-3.4020999933306615,0.05237104185289354,30988.119026722685,10.341359152802978,93.89806176667777,-2.3425853021133483,9.215624762770247,0.8702445999999999,0.3405091,1.0202584,1.2159731,-0.7828674999999999,1.1449837999999999,0.8617463000000001,13566908391.089458,437810.0,2.80125975608826,1.34891856542537
BRN,Brunei Darussalam,2019,2.77118007919323,4.2689599624633585,9.138376215740813,3.868844361770755,30426.573065652785,10.323071619580888,108.50965835795864,1.1278538730040366,-3.3337276418228896,0.8013123,0.28854569999999996,1.0771038,1.1831673,-0.7735434999999999,1.0980607,0.837532275,13469235364.703175,442680.0,2.81316184997559,1.36421851405474
BRN,Brunei Darussalam,2020,4.7105756528403,-0.4296712336535232,18.358144305853557,1.133573349524596,26834.359223394298,10.197438405935461,110.29100365845197,1.1286822558783272,-10.863759635016208,0.8099841999999999,0.5634205999999999,1.0752528,1.183555,-0.7752730999999999,1.1645233,0.90805315,12005799653.983503,447404.0,2.82519459724426,1.37970342971399
BRN,Brunei Darussalam,2021,1.4740498286723183,2.705595799601018,-8.631055770466718,-1.590762600996058,31006.963628978527,10.341967091433881,147.12311237531776,-2.6361967023836086,15.46592870217178,0.86713,0.5616354,1.0763513,1.1827999,-0.817422,1.1632012999999999,0.9219791500000001,14006496617.445808,451721.0,2.83735990524292,1.34380696297338
BRN,Brunei Darussalam,2022,-1.5761057506473832,1.2515047042344767,-14.68686501966418,-1.6283315451510845,36632.92809521554,10.508702789657383,146.97396587959724,2.5820375630076384,24.23672683877649,0.8654815,0.6385843999999999,0.9849534,1.1825406,-0.8095135999999999,1.175984,0.917889975,16681536466.7183,455370.0,2.84965920448303,1.37895639652215
BRN,Brunei Darussalam,2023,-0.37050451622700875,2.689338489626526,21.051833811517092,1.1276441816271898,32890.54918120193,10.400940636556681,136.86343465047977,-2.6361791744571095,-12.073689811933491,0.8078928,0.638307,0.9854733999999999,1.1816499,-0.7935612,1.3283584720000001,0.903330775,15095084656.163445,458949.0,2.86209464073181,1.34307960114933
IDN,Indonesia,2000,-1.5761057506473832,16.62313053743379,-1.654212470913128,4.920067747016901,763.7111249509245,6.638189608962422,71.43687591737309,19.751506867659607,20.447456852145905,-0.4626283,-0.9501841,-0.5497447,-1.0799309,-0.7009548,-1.9052026999999998,-0.7606219999999999,165021012077.80963,216077790.0,2.18566656112671,8421.775000000001
IDN,Indonesia,2001,-1.5761057506473832,11.870838396711235,3.7199859570297336,3.6434664472149194,732.3070934057076,6.5961999524951995,69.79320752562379,19.751506867659607,14.295715436283587,,,,,,,,160446947784.90857,219097902.0,2.20774579048157,10260.85
IDN,Indonesia,2002,0.07415163831811594,4.757902316427295,12.322412496192205,4.49947539085764,881.0029135691312,6.781060933046637,59.07946176637226,-9.602153247843008,5.89605169318483,-0.5720758,-1.1356188,-0.7684151,-1.3407373999999999,-0.40716399999999997,-1.8442976999999998,-0.9542117749999999,195660611165.18344,222088495.0,2.23004794120789,9311.191666666668
IDN,Indonesia,2003,-0.25425632038100493,7.937719863839658,10.852071147864788,4.780369121676543,1043.2105838671025,6.95005833669905,53.616493747301575,-8.211733432723811,5.487429137901472,-0.5885779,-0.9354148999999999,-0.9085264999999999,-1.2216426,-0.3891648,-2.1173536299999998,-0.9135404749999999,234772463823.80835,225048008.0,2.25257539749146,8577.133333333335
IDN,Indonesia,2004,0.7382439798875625,9.143972512954848,5.134410231234103,5.03087394501685,1126.8400444717279,7.02717257359557,59.761294836691036,4.13071982259634,8.550727031863659,-0.5018689,-0.7699807999999999,-0.7626847,-1.1642347,-0.1950044,-1.6568197,-0.799692275,256836875295.4519,227926649.0,2.27533054351807,8938.85
IDN,Indonesia,2005,2.916114833130667,16.335163913309852,-0.24573546701477195,5.692571303833844,1238.2144762948797,7.121425682419534,63.98793586886347,8.220765212077374,14.331787084271213,-0.4030391,-0.7652559999999999,-0.7337593,-1.1351666,-0.09452279999999999,-1.403589,-0.7593052499999999,285868619196.0848,230871650.0,2.29831528663635,9704.741666666665
IDN,Indonesia,2006,1.347942640689309,14.943188750137992,1.6581514216352111,5.500951785203483,1558.3156284716338,7.351360791581559,56.65712681488665,-5.784302149074172,14.08742441679263,-0.1787479,-0.6506633,-0.5173516,-0.8969324999999999,0.0351727,-1.1230422,-0.5609238249999999,364570515618.35693,233951652.0,2.32153272628784,9159.316666666668
IDN,Indonesia,2007,1.603010571887896,19.32512102065858,2.339674090880702,6.3450222266721426,1823.2197625507274,7.5083593173586465,54.829249978207464,-0.20017875227811288,11.258578530897111,-0.2282939,-0.6264569999999999,-0.4571356,-0.7032079999999999,0.0678583,-0.8635335,-0.503773625,432216737774.86053,237062337.0,2.34498429298401,9141.0
IDN,Indonesia,2008,1.8263290240399834,14.922867328660683,-3.8522450263345185,6.013703600091233,2124.5548392061796,7.661317571980574,58.56139963129606,5.924913235427276,18.149751249467556,-0.1516209,-0.5772889,-0.4526811,-0.5325944,0.0556929,-0.711286,-0.428546325,510228634992.25824,240157903.0,2.3686728477478,9698.9625
IDN,Indonesia,2009,0.90391941965406,12.95179644135267,5.747952095784301,4.628871182561525,2218.4854185297663,7.704579998126535,45.51212136870539,6.881886866766607,8.27475243172853,-0.1179653,-0.5530581,-0.3302307,-0.6204124,0.0446885,-0.6370844999999999,-0.405416625,539580085612.4014,243220028.0,2.39260053634644,10389.9375
IDN,Indonesia,2010,2.0251791456935604,15.402287770881854,-1.7460975355960089,6.223854180623661,3065.6834837776487,8.028025819848871,46.7012738758737,-9.602153247843008,15.264293657644942,-0.1461447,-0.6518311,-0.2531404,-0.6633382999999999,-0.020478299999999998,-0.7784546999999999,-0.428613625,755094157621.9355,246305322.0,2.41677021980286,9090.433333333332
IDN,Indonesia,2011,2.3029842938159204,16.42978384590038,4.594376748837573,6.16978420771008,3579.464424661521,8.182968466153389,50.18001318411037,-3.583636245314459,7.465943033675131,-0.15123219999999998,-0.28523129999999997,-0.3273953,-0.6451671,0.060051999999999994,-0.7510901,-0.352256475,892969104563.1713,249470032.0,2.40213108062744,8770.433333333332
IDN,Indonesia,2012,2.309780318530732,14.954992482017632,7.7501885648902755,6.030050653056151,3632.2725403033064,8.197613775535691,49.5828982992627,6.790003155153634,3.7538787532365347,-0.17926879999999998,-0.3852324,-0.25708359999999997,-0.7724335999999999,0.0318185,-0.5992727,-0.3985046,917869913332.6486,252698525.0,2.38758063316345,9386.629166666668
IDN,Indonesia,2013,2.551356334010577,12.779697944543278,6.374931242121366,5.557263688910098,3566.6028450607755,8.179368837713596,48.637372675289285,10.839075087043781,4.965990291316771,-0.0485665,-0.419998,-0.1633885,-0.7278943999999999,-0.0085749,-0.6180612,-0.33996185,912524136718.0182,255852467.0,2.37311816215515,10461.24
IDN,Indonesia,2014,2.819972604121023,11.879519361847219,6.7921185806972755,5.006668425754995,3441.0680846400837,8.14353719189644,48.08017558552271,12.593369964222134,5.443174549356115,0.0028168,-0.338428,0.31912779999999996,-0.7150247,-0.0006737,-0.38500819999999997,-0.182877025,890814755533.5369,258877399.00000003,2.35874342918396,11865.2112962963
IDN,Indonesia,2015,2.2976163938044087,8.996990076380424,8.349910634694735,4.876322300221233,3288.2226972553844,8.098102484191292,41.93764024152938,12.085361721658927,3.9802426601396093,-0.1393886,-0.3812221,-0.062646,-0.5229666,0.0861197,-0.5390218,-0.276555825,860854232686.2139,261799248.99999997,2.34445571899414,13389.41293650793
IDN,Indonesia,2016,0.4873724713688788,10.02849882051502,9.224432344132097,5.033069182801768,3521.4694345757384,8.16663363448735,37.88693546592328,-0.6074400647868572,2.438924086882068,0.0343509,-0.32180949999999997,0.1221929,-0.48225759999999995,0.102893,-0.463383,-0.16188082499999998,931877364037.6975,264627417.99999997,2.33025455474854,13308.32680205416
IDN,Indonesia,2017,2.0194891981258167,8.275528079246284,6.501563996090386,5.069785901349164,3798.8832617452576,8.242462424035642,39.355497070460586,0.5433460878307983,4.292678121995252,0.1002062,-0.3165999,0.1565617,-0.3767695,0.062122199999999995,-0.5816146,-0.109150375,1015618744159.7339,267346658.0,2.31613945960999,13380.83387888914
IDN,Indonesia,2018,1.8142897934944133,6.290289123738285,6.471249839379384,5.174291539550239,3860.9535309072558,8.258669460684752,43.07430895520015,6.20165335562799,3.818323569433346,0.07345879999999999,-0.2197187,0.2534613,-0.33812949999999997,0.1218045,-0.5428012,-0.05773202499999999,1042271532988.6317,269951846.0,2.30210971832275,14236.93877348179
IDN,Indonesia,2019,2.2333620428224124,6.540404881297798,8.629404790313973,5.019287680462824,4106.948561603577,8.320435589311186,37.88693546592328,-0.6289866714222825,1.5984884998414373,0.11098269999999999,-0.1919729,0.31228849999999997,-0.42785039999999996,0.11378569999999999,-0.5802685,-0.049138025,1119099871350.1992,272489381.0,2.28816509246826,14147.67136054542
IDN,Indonesia,2020,1.8105840202712653,12.53366087200204,9.985926719875962,-2.065511829341645,3853.7028877414587,8.256789754082872,37.88693546592328,3.025180225447066,-0.4016514352189944,0.22478089999999998,-0.1479773,0.213754,-0.3456603,0.1051795,-0.5399459999999999,-0.013775675000000001,1059054842698.482,274814866.0,2.27430486679077,14582.20346781774
IDN,Indonesia,2021,1.7878556314554013,13.966435466597172,2.7532239499582962,3.7028856282775138,4287.173139950984,8.36338285298817,40.20475827496714,-1.897296590161801,6.003973221362074,0.3421673,-0.1436778,0.1470804,-0.41621349999999996,0.0239606,-0.6496757,-0.017660899999999993,1160219861389.4824,276000210.07,2.29713678359985,14308.14390118969
IDN,Indonesia,2022,1.872641008614252,8.354912554244038,-0.9573763405103065,5.307197226647986,4730.834848361069,8.461856966622147,45.46467019594532,3.716115051497404,9.568987563469335,0.2811244,-0.1291182,0.2328093,-0.3702139,0.025901399999999998,-0.7624666,0.003650399999999998,1160219861389.4824,276000210.07,2.32053375244141,14849.85393621048
IDN,Indonesia,2023,1.5711669417347438,3.500327528565799,7.28506359409343,5.049023318359971,4876.3077451225245,8.492143602867648,41.33628687076515,2.5729081606661097,1.5301319844336803,0.3408081,-0.0817572,0.2732116,-0.4431661,-0.0200561,-0.613745,0.02227409999999999,1160219861389.4824,276000210.07,2.34451293945313,15236.88466205062
KHM,Cambodia,2000,3.202575923656084,26.897982187905328,,9.993580322920792,296.42668752633426,5.691799928256442,110.39712530373069,1.948818188869339,-3.2318376177997123,-0.3323699,-1.2001401999999999,-1.0508416999999999,-0.9101576,-1.1783773,-1.0009785,-0.8733773499999999,3694168979.3201866,12462336.0,1.5452004396915417,3840.75
KHM,Cambodia,2001,3.5333766908954622,20.52432081408475,,7.389710650705169,327.5009843144443,5.791491060611078,111.7717412440007,1.948818188869339,6.397681806903165,,,,,,,,4145665969.928644,12658484.0,1.55278742313385,3916.333333333335
KHM,Cambodia,2002,2.9093477321166077,31.089743380758524,,6.265072805096366,350.14727663429426,5.858353856359711,118.26956207228775,-0.10857879948158455,1.9930778808371343,-0.2523816,-1.2761676,-1.1388612999999999,-0.9132705999999999,-1.0599539,-0.9341163,-0.8951702749999999,4501227626.6275215,12855241.0,1.56517469882965,3912.083333333332
KHM,Cambodia,2003,1.616516850321357,15.432437427409088,,10.283681307169147,386.69112393177795,5.957626244979707,120.07496909359874,1.5535319046582785,3.272589194096227,-0.2523591,-1.2908199999999999,-1.1451886,-0.9440919,-0.9768334999999999,-0.9692824,-0.9081149,5046693484.317668,13050968.0,1.57766079902649,3973.333333333332
KHM,Cambodia,2004,2.2337173477841006,28.348602869056805,,9.457694811039289,444.1990675290812,6.096272812243988,131.35148105627584,1.0743258478838058,7.502797280952734,-0.40800719999999996,-1.2330613,-1.0660650999999999,-1.0053897,-0.9237124,-0.7441669,-0.928130825,5883297159.873515,13244731.0,1.59024655818939,4016.25
KHM,Cambodia,2005,5.3660385262125505,15.81652153555769,,13.303333835845493,525.7973251209264,6.26491582502709,133.55196526564785,1.8807398815221532,8.016704573321604,-0.5046565,-1.3171245999999999,-1.2866826,-1.1666889999999999,-0.9591426,-0.6598807999999999,-1.068788175,7066296463.359804,13439202.0,1.6029326915741,4092.5
KHM,Cambodia,2006,5.786570719261892,40.545910386641644,,10.943360068169355,612.2526485507273,6.417145021753059,140.34873431848348,0.26233123667545044,6.797285569949537,-0.5256455999999999,-1.3170465,-1.1887831,-1.1364746,-0.8682572,-0.5438366,-1.04198745,8350531016.657529,13639028.0,1.62778294086456,4103.25
KHM,Cambodia,2007,8.563346094703613,47.028943948113024,,10.398458101200973,731.6922951254261,6.59536006373399,133.70002382681884,-1.1540985798008663,8.60024943029427,-0.4484834,-1.2296536,-0.9474047999999999,-1.0513221,-0.8769558,-0.5980652,-0.919215975,10127916459.89827,13841770.0,1.65301835536957,4056.166666666668
KHM,Cambodia,2008,6.695908185140562,5.4460439338439945,,7.476366066310106,866.2839997897495,6.764212799130412,130.39351067873642,-0.04931979878843862,11.788432027930568,-0.4508525,-1.2423688,-1.0035669,-1.1588469,-0.9185407999999999,-0.460177,-0.9639087749999999,12174303999.08125,14053479.0,1.67864501476288,4054.166666666668
KHM,Cambodia,2009,7.425425545200666,35.5827743504495,,4.0747785059906505,875.7489361935693,6.775079447339284,102.28794901469998,2.0789585430577517,0.751138640296162,-0.4303625,-1.2243761,-0.8036430999999999,-1.1931258999999999,-0.9479399,-0.5824764,-0.9128768999999999,12502901169.737713,14276810.0,1.70466911792755,4139.333333333332
KHM,Cambodia,2010,10.169807189939041,21.299907137521537,,5.076918432292473,952.2746163240075,6.858853455719268,109.99840060775763,1.0952047083089056,6.264998869323193,-0.41198979999999996,-1.233226,-0.814118,-1.19379,-0.9953628999999999,-0.3874276,-0.91328095,13808673288.069561,14500726.0,1.72566735744476,4184.916666666668
KHM,Cambodia,2011,9.59845134883877,3.9379903213157452,,7.2866581387955165,1088.9815282308143,6.992998160650272,109.7905051668145,-3.067334413858802,4.9507672315141065,-0.6605772999999999,-1.1516075,-0.7478372999999999,-1.3007746,-1.0464565,-0.3236001,-0.965199175,16032622023.826536,14722584.0,1.71317780017853,4058.5
KHM,Cambodia,2012,11.15249124451118,39.41026983378224,,7.650256578703619,1192.8026304167313,7.084060968693512,116.74023341821231,-0.6302931327862638,2.6384360853477062,-0.5165398999999999,-1.0805729,-0.7009489,-1.1374421,-1.022324,-0.37715879999999996,-0.8588759499999999,17826536699.801636,14945085.0,1.69805002212524,4033.0
KHM,Cambodia,2013,10.443058764419257,21.822651818184198,,7.857499755425195,1305.6600972685976,7.174464013533901,124.88755276865706,-0.1426754995291546,2.8690452471251007,-0.49113969999999996,-1.1547167999999999,-0.8143031,-1.1373777,-1.0291663,-0.3707293,-0.899384325,19807135252.864857,15170208.0,1.68176412582397,4027.25
KHM,Cambodia,2014,8.409020203006557,31.496697947865727,,8.000320746185665,1431.5639646999336,7.2665228072282755,124.45490852669276,0.2541927652835341,3.2993691205076345,-0.6121749,-1.1952691,-0.5981221,-1.2606479,-1.0752484,-0.2628078,-0.9165534999999999,22041463967.90093,15396772.0,1.66563439369202,4037.5
KHM,Cambodia,2015,7.5402966200198405,16.997185598625997,,7.207034725295117,1547.320104443935,7.344279748653595,122.10959681537894,0.74643324885173,3.0693593414164297,-0.6326758,-1.2627563,-0.5898441,-1.2799007999999998,-1.2074577,-0.1585169,-0.9412942499999999,24174170369.07381,15623251.0,1.68224096298218,4067.75
KHM,Cambodia,2016,9.32318507305764,20.99997846308597,,7.905501161307043,1675.1955571110864,7.423685187958437,122.70455560266713,-0.22286314284478692,1.5800748057582865,-0.5672758999999999,-1.2323005,-0.572328,-1.3323199,-1.2192125999999999,-0.07785829999999999,-0.926056075,26556545153.3573,15852803.0,1.74049484729767,4058.694578853048
KHM,Cambodia,2017,9.497602030987432,23.142971227321286,,8.07503915535979,1826.353916887541,7.510076863232534,121.15545129868879,-0.2001312343676176,2.076507091548521,-0.6039964999999999,-1.1879587999999999,-0.4673244,-1.3304852999999999,-1.2106905,-0.15385279999999998,-0.8974412499999999,29355665909.790527,16073372.0,1.79374051094055,4050.579985919098
KHM,Cambodia,2018,9.69240300027112,26.551251751090525,,8.776223762244626,2036.6737756657815,7.61907325399837,118.4376554130496,0.014488587999395008,3.8165809450680683,-0.5908086,-1.2191229,-0.4851255,-1.4286146,-1.5176701,-0.1054427,-0.9309179,33145892168.89583,16274522.000000002,1.84861493110657,4051.16690028162
KHM,Cambodia,2019,9.98500044202808,18.152307329689506,,7.93695013588524,2225.877054856862,7.707906298889182,115.73667907244788,0.24609662784325081,2.7925574107017184,-0.6492291,-1.1306816,-0.5152334,-1.3389043999999999,-1.4922674,-0.1935314,-0.9085121249999999,36685356407.72062,16481304.000000002,1.90516817569733,4061.14896313364
KHM,Cambodia,2020,10.41023980932601,15.287247271199533,,-3.555721934065488,2081.739142429392,7.640958949504581,122.10539634656843,0.7759302845478544,-0.8242814028325114,-0.696444,-1.1462953,-0.5904535,-1.1175106,-1.3831133,-0.2401873,-0.8876758499999999,34818073901.485085,16725473.999999998,1.94617688655853,4092.783219008775
KHM,Cambodia,2021,9.468459111104101,16.40292143535175,,3.0898428414866146,2167.403241984992,7.681285067282273,146.17984650971545,0.14501795105399395,2.6457340350188474,-0.6885401,-1.1477047999999999,-0.643403,-1.0917539,-1.4431473,-0.1486895,-0.89285045,36790163687.442055,16974305.0,1.98806822299957,4098.722795058885
KHM,Cambodia,2022,8.948301257795341,8.193795533926771,,5.129901107739769,2325.0305004084116,7.751488436390641,145.8736327614059,0.08084786479027883,3.4889001658198424,-0.6946692,-1.1151898,-0.4625515,-1.1129555,-1.5049447999999999,-0.0739156,-0.8463415,39994532959.60738,17201724.0,2.02220344543457,4102.03786482335
KHM,Cambodia,2023,9.350967019897578,12.542510004460203,,5.007330438118984,2429.748534528382,7.795543047246607,134.20684239593064,0.2097944549475983,1.0176075252449834,-0.6762372999999999,-1.099508,-0.4160661,-1.1216382,-1.5290134,0.1346422,-0.8283623999999999,42335646895.798386,17423880.0,2.05799889564514,4110.652746415772
LAO,Lao PDR,2000,1.957603899737221,46.04060591620352,5.77111514812214,5.798782328619595,318.749852236965,5.764406632902222,68.83730136783251,12.68681055735339,24.79777660956573,-1.4907046,-1.326725,-0.7956793,-0.7413578,-1.3783059,-0.6018274,-1.088616675,1867954144.4321635,5431212.0,1.68724203109741,7887.643333333332
LAO,Lao PDR,2001,1.351579019830421,13.716376507745379,15.8895002535025,5.751412879831946,320.31600543956756,5.769308025518278,65.89943687984817,12.68681055735339,8.86807380365211,,,,,,,,1867954144.4321635,5521482.0,1.70189154148102,8954.583333333332
LAO,Lao PDR,2002,0.2531768934205437,37.598976994062355,21.64710396111534,5.918743683705642,313.3508171481308,5.747323384448139,67.25490285235321,11.603711295558128,6.3184647409895405,-1.3817169,-1.5373033,-1.1502742,-0.7471026,-1.6997502999999998,-0.0799686,-1.20409925,1867954144.4321635,5610889.0,1.71481537818909,10056.33333333333
LAO,Lao PDR,2003,0.962969691363706,20.074800249334164,15.028555890074438,6.06700230344272,355.09721615146134,5.872391600299786,60.57209588278798,4.9726117688569715,13.450089840917983,-1.4538744,-1.6175273,-1.5309061,-0.7490623,-1.7387062999999998,-1.0092662,-1.3378425250000001,2023324407.2841384,5697945.0,1.72602570056915,10569.0375
LAO,Lao PDR,2004,0.7148950490620708,21.636321591724244,16.767096939164876,6.3576954800823415,409.29629828411726,6.014439339441132,66.07975162228374,0.15445953177035676,10.690428543700676,-1.3157016,-1.4097613,-1.0127681,-1.1120343,-1.4891358,-0.5139608999999999,-1.212566325,2366398119.863208,5781626.0,1.73730933666229,10585.375
LAO,Lao PDR,2005,1.0133213243785784,7.866184273063231,16.74609430174698,7.107568368112666,466.0615069977412,6.144317614681368,71.79264627378518,0.6571576085775632,8.640322480951184,-1.226348,-1.1632985,-1.3102987,-1.2611503,-1.5078162,-0.3800286,-1.240273875,2735558734.737903,5869523.0,1.74866676330566,10655.16666666667
LAO,Lao PDR,2006,5.421389617286045,26.721027850814878,17.323118305172134,8.61926620832807,579.3919474407194,6.361979187138428,81.96137541624209,-4.821421401058146,10.805101226387208,-1.1865629,-1.0987704,-0.9221857,-1.3010882,-1.4378612,-0.0903443,-1.1271518,3455030060.978498,5963200.0,1.76094961166382,10153.62407542728
LAO,Lao PDR,2007,7.660627497775571,38.717904321811154,19.60354616452571,7.596828800548778,697.323013673925,6.54724873766044,79.21262890352688,-5.578338354822598,7.4382860046945325,-1.1761206,-1.0493587,-0.8734057,-1.2771995999999999,-1.4394943,-0.15331809999999998,-1.09402115,4223152739.0405164,6056236.0,1.7733188867569,9602.728818202735
LAO,Lao PDR,2008,4.182003036069288,18.310598379616604,13.904160922075421,7.824902763370119,885.7473760887619,6.786431781380213,81.8491820941317,-9.41163650310397,8.863450637972207,-1.0242586,-1.02587,-0.8754327,-1.2442881,-1.4338476,0.0129444,-1.04246235,5446433157.401138,6148969.0,1.78577494621277,8740.181403025432
LAO,Lao PDR,2009,5.459059495949726,32.40648740266086,27.092781841957336,7.501774912258526,935.0323728328304,6.840581152039934,76.93082621865199,-2.6530241397651366,-2.9320735318440256,-1.0216488,-1.0303478,-0.8878944,-1.2442993999999998,-1.4518589,-0.06518159999999999,-1.0460475999999999,5836137329.633054,6241642.0,1.79831850528717,8511.35116305693
LAO,Lao PDR,2010,3.90935018167503,39.12896387141101,12.286034947863193,8.526905517397168,1125.9161015126099,7.026352295721668,84.72033789166765,-3.068302081069696,9.196571111386746,-0.9484357999999999,-0.9464467999999999,-0.8602557,-1.1900658,-1.4062968999999998,-0.2200354,-0.9863010249999999,7131771014.704564,6334194.0,1.81095016002655,8254.163029733425
LAO,Lao PDR,2011,3.437027558959218,39.12896387141101,12.286034947863193,8.038652680237249,1361.5470439491285,7.216376864545978,91.69869586802163,-2.7624995228533678,10.468717599392875,-0.9273606999999999,-0.9577517999999999,-0.8422502,-1.1502894,-1.4025949,-0.072408,-0.9694130249999999,8750104617.173029,6426590.0,1.82428538799286,8029.2625550619
LAO,Lao PDR,2012,6.060676026789335,39.12896387141101,12.286034947863193,8.026098434612834,1563.5650771336964,7.354723798758715,98.1851264313662,-0.28287301216955996,7.528859304956882,-0.8473352,-0.8974981,-0.8376374,-1.1447878999999999,-1.4072113,-0.0728091,-0.93181465,10192846339.40287,6518978.0,1.83793306350708,8006.582031880535
LAO,Lao PDR,2013,5.686246283370239,39.12896387141101,12.286034947863193,8.026300226990173,1812.5177442465056,7.5024721766100155,98.1791466159604,-2.188901778110086,6.473972083433367,-0.8088113,-0.8536497,-0.7057833,-1.076746,-1.3985433999999999,-0.050546299999999995,-0.8612475749999999,11983252626.545183,6611385.0,1.85190188884735,7833.229989829648
LAO,Lao PDR,2014,6.533850861201586,39.12896387141101,12.286034947863193,7.611963439793186,1981.0391090047272,7.591376788555535,99.05973829333993,2.6355288536343835,5.7265591817456425,-0.7456832999999999,-0.779778,-0.2761781,-1.0259696999999999,-1.3776916,0.3772453,-0.706902275,13279245886.385435,6703172.0,1.86620151996613,8042.421570023542
LAO,Lao PDR,2015,7.470757772927305,39.12896387141101,12.286034947863193,7.270065843737854,2121.013390973629,7.6596492680636725,85.79832170368095,1.053675289153766,2.348496006859179,-0.6993587,-0.7713994,-0.35397829999999997,-0.9998267,-1.3817502,0.4046383,-0.7061407749999999,14426380125.648829,6801645.0,1.88084125518799,8127.610598465862
LAO,Lao PDR,2016,5.8777443615571645,39.12896387141101,12.286034947863193,7.022836255011384,2303.2215603536265,7.742064100296886,75.09189092041244,-0.039919355975825965,3.0223064425633765,-0.665338,-0.7516558,-0.2622768,-0.9477247999999999,-1.3451544,0.3452009,-0.6567488499999999,15912501722.614256,6908802.0,1.89583122730255,8124.366756162282
LAO,Lao PDR,2017,9.877991605123343,39.12896387141101,12.286034947863193,6.892530872698899,2432.4305947851135,7.796646281190661,75.09189092041244,1.4720149460238474,1.8520967612112287,-0.6856629,-0.8221917999999999,-0.2334031,-1.0088576999999999,-1.3908513999999998,0.2776591,-0.6875288749999999,17071155481.49936,7018147.0,1.91118156909943,8244.843189210187
LAO,Lao PDR,2018,7.4856486219065985,39.12896387141101,12.286034947863193,6.247960007558717,2545.1075420815,7.841928184312483,75.09189092041244,1.880265702116013,1.919889193917541,-0.7927044999999999,-0.8579945,-0.649149,-1.1101203,-1.3641332,0.2651475,-0.852492075,18141641089.796326,7128045.0,1.92690312862396,8401.334766139658
LAO,Lao PDR,2019,4.0314913923107065,39.12896387141101,12.286034947863193,5.457735092484796,2589.3208103523716,7.859150884918688,75.09189092041244,3.2562855565954507,1.1974239210929198,-0.7206627999999999,-0.9442455999999999,-0.7571517999999999,-1.1050142,-1.4478452,0.3582008,-0.8817686,18740561512.555496,7237636.0,1.94300675392151,8679.409093096709
LAO,Lao PDR,2020,5.098071934910866,39.12896387141101,12.286034947863193,0.5030318290186813,2583.7773069613104,7.857007679672131,75.09189092041244,4.134576711511073,5.034504125445167,-0.7757012999999999,-0.8752013999999999,-0.765948,-1.0608703,-1.4674350999999999,0.5456553,-0.86943025,18981805250.242397,7346533.0,1.95950412750244,9045.78783382479
LAO,Lao PDR,2021,5.693446959573288,39.12896387141101,12.286034947863193,2.5283510048610225,2526.0510501852928,7.834412512597467,75.09189092041244,6.961177871967195,3.713448366875525,-0.7420677999999999,-0.7575675,-0.7431648,-1.0773186,-1.3981687,0.583086,-0.830029675,18827148530.934723,7453194.0,1.97640693187714,9697.91578947368
LAO,Lao PDR,2022,4.6950922578970715,39.12896387141101,12.286034947863193,2.707426526431547,2046.4044025562052,7.623839582188666,75.09189092041244,31.572474657456347,15.7739459226011,-0.8188603999999999,-0.8397916,-0.7104039999999999,-0.9974286,-1.3986110999999999,0.7033051,-0.84162115,15468785203.753174,7559007.0,1.99372756481171,14035.22669265115
LAO,Lao PDR,2023,11.24256309594077,39.12896387141101,12.286034947863193,3.745681401582317,2066.9497977695714,7.633829271902338,75.09189092041244,23.13654696021903,24.421720206669264,-0.7700083,-0.8447129,-0.7534641999999999,-0.9646387,-1.4318339999999998,0.7378068,-0.833206025,15843155731.25518,7664993.0,2.01147890090942,17688.87359090539
MMR,Myanmar,2000,2.861177680086455,42.440323475750844,15.915649462689679,13.676908147676594,207.41209285726302,5.332626407287553,,3.500881428007818,2.4617739880408607,-2.0479562,-1.4214042999999998,-1.3518124,-1.4928934999999999,-2.208260336,-1.6348752,-1.5785166,8905066163.586428,45290841.0,1.5452004396915417,6.516725
MMR,Myanmar,2001,3.215657535069775,43.64109828445956,-5.112702696148972,11.343997069960537,207.41209285726302,5.332626407287553,,3.500881428007818,24.826256392462387,,,,,,,,6477790688.228438,45771139.0,1.5452004396915417,6.748908333333332
MMR,Myanmar,2002,2.2207050256213665,35.58647715081485,-14.68686501966418,12.025513434031481,207.41209285726302,5.332626407287553,,-1.5955094112319435,24.826256392462387,-2.1741261,-1.824714768,-1.5711762999999999,-1.4955136,-2.1695444999999998,-1.5158471999999998,-1.7671497999999997,6777632512.078098,46232653.0,1.55255532264709,6.642083333333335
MMR,Myanmar,2003,2.377757667181098,0.7332813076221502,-1.6888459672690186,13.676908147676594,224.29268891240932,5.412951845865234,,-7.877602390032679,20.496539408029733,-2.20799026,-1.824714768,-1.576192,-1.4964073999999998,-2.208260336,-1.2950773,-1.776939013,10467109977.671677,46667192.0,1.5713232755661,6.138925
MMR,Myanmar,2004,2.0001628964787024,32.09073881848937,14.343869278213136,13.564661616341553,224.5088114133274,5.413914955469223,,-5.578648614325554,3.601128079115938,-2.20799026,-1.8172024,-1.6415171,-1.5792528609999998,-2.208260336,-1.0811254,-1.776939013,10567354056.404905,47068772.0,1.59031808376312,5.805833333333335
MMR,Myanmar,2005,1.9596639653967862,27.30854749668686,-0.5890992343958997,13.56895002164562,252.68519306072838,5.532144417745576,,0.21220471372165317,19.163529903881397,-2.20799026,-1.824714768,-1.64369041,-1.5792528609999998,-2.193193,-0.9344471,-1.776939013,11986972418.5103,47438365.0,1.60954236984253,5.818166666666668
MMR,Myanmar,2006,1.9018212828574885,27.31114361789429,-1.2412372798146154,13.076101379237244,303.4950871192538,5.715365422952567,,0.4249173675233253,21.300498806661167,-2.1245544,-1.6570855999999998,-1.5909977,-1.5792528609999998,-2.1180376,-0.7871077999999999,-1.7409168,14502553709.830305,47785135.0,1.63307785987854,5.842941666666665
MMR,Myanmar,2007,3.5175166973128973,29.9210073504003,-2.2005380099614182,11.991435240214642,419.3757807250424,6.038767369363659,,-3.9457437012582197,23.643908118220097,-2.1230815,-1.6565113,-1.5894841,-1.532181,-2.1143226,-1.0447303,-1.7253144749999998,20182477480.551235,48125043.0,1.65695738792419,5.616883333333335
MMR,Myanmar,2008,2.711271810003106,14.892204193397394,6.428890384502457,10.255305392980787,658.4424872297052,6.489877178310144,,-3.1731373584969136,13.618657947302054,-2.1237348,-1.6929326,-1.6096857,-1.5318481,-2.1473241,-1.1194619,-1.7395502999999999,31862554101.937805,48390793.0,1.68118607997894,5.44145
MMR,Myanmar,2009,2.9235541598015113,30.63739217879979,15.298142606889808,10.550009096193165,758.4429357892551,6.6312675629844895,,2.4491859837854957,4.878599246273524,-2.1529061,-1.6993749,-1.64369041,-1.5504204,-2.1377326,-1.1579001,-1.7676733,36906181380.81268,48660459.0,1.70576906204224,5.576366666666668
MMR,Myanmar,2010,1.8189720234246456,42.499726815695354,12.966599921539055,9.634439452044404,1010.5341734340149,6.918234354613278,,1.0439014036881522,7.043211893660612,-1.6750288999999998,-1.4706145,-1.3166107,-1.1870224,-1.6038546,-1.0884224,-1.412319125,49540813342.4834,49024382.0,1.72537803649902,5.634883333333332
MMR,Myanmar,2011,4.2012765118302875,30.60134017945636,8.932044121827023,5.591482378236606,1213.6289870337603,7.10137031291203,,-3.444245916879707,10.254576668224672,-1.5954532,-1.3804300999999999,-1.3109568,-1.1856058,-1.4729778999999998,-1.084601,-1.3681114749999999,59977326085.99077,49419820.0,1.73815476894379,5.444108333333335
MMR,Myanmar,2012,2.2254006851451664,32.559016931347244,12.479289196510814,7.332670447041494,1202.6658960055008,7.092295951720547,,31.572474657456347,3.130096952638283,-1.7631165999999998,-1.4351950999999998,-1.5557382,-1.3191853,-1.4471572,-1.0596577999999999,-1.5183088,59937796648.21576,49837446.0,1.75102591514587,640.6534166666668
MMR,Myanmar,2013,3.7408560793261887,31.4251476008941,11.134454836172177,8.42600102501767,1199.0956159705486,7.089322898278753,,31.572474657456347,4.378070843106514,-1.4584015,-1.2647157999999998,-1.5485581,-1.149632,-1.3997465,-1.2724274,-1.35532685,60269732854.82703,50262658.0,1.76399254798889,933.570456356879
MMR,Myanmar,2014,3.3190442135341716,20.956889978489023,11.63482687566351,8.169907455582774,1293.000423197137,7.16472070607044,,5.296076919836601,3.9102251927154725,-1.3316118,-1.2517405,-1.3003242,-1.0510924,-1.3409972,-1.1507422,-1.233692225,65531374210.3224,50681634.0,1.77705514431,984.3457475600462
MMR,Myanmar,2015,6.8512409870150695,30.672917389954335,11.392048751641514,6.9928402902612135,1166.7330554793548,7.0619628618869745,,16.645013515255247,4.136696739129306,-1.110113,-1.24813,-1.2574663,-1.0035195,-1.2819315999999998,-1.123947,-1.1548072,59607290408.43587,51089056.0,1.79021441936493,1162.615328625541
MMR,Myanmar,2016,5.1788013262096255,17.448873725492195,11.952169915155885,5.86247291518572,1229.1971349132812,7.114116499398814,,6.029324899872712,3.6156780953078567,-0.8822049,-1.045056,-1.1523629,-0.8542761999999999,-0.9424001999999999,-1.0196121999999999,-0.9834749999999999,63298361983.565315,51495696.0,1.80347120761871,1234.869516666667
MMR,Myanmar,2017,7.273355553006415,20.54242234797438,9.564810611289674,6.136108243603047,1272.8224181523399,7.148992090124547,,9.678311017058494,5.873408946546604,-0.8430158999999999,-1.0912435999999999,-1.2517085,-0.7617201,-1.067998,-1.24136,-0.9869220249999999,66053040475.02575,51894938.0,1.8168261051178,1360.358707040852
MMR,Myanmar,2018,2.6056322983727735,14.570314266996338,10.118468387408996,6.268862214710751,1298.2131032767466,7.168744061967585,,4.979173203108633,5.341094639910111,-0.8166314,-1.1735375,-1.3199541,-0.7679218,-1.0234249,-1.2978729999999998,-1.0195112,67860515993.11861,52272247.0,1.83027982711792,1429.807975201071
MMR,Myanmar,2019,2.3121121114610217,15.544426082997312,10.032984943461031,6.579110067654142,1425.9895424166807,7.262621267438712,,6.002157371913519,5.42293300468495,-0.8502984,-1.1866976999999999,-1.3177807,-0.7649935,-0.9702641999999999,-1.3625611,-1.029942575,75065106243.35782,52640713.0,1.8438333272934,1518.255116666666
MMR,Myanmar,2020,2.4139322280287594,18.17737711572925,9.007834728055409,-7.879006782427648,1490.216835994695,7.306676915864622,,-9.430560533941446,5.344110008065854,-0.7286511,-1.1631619,-1.318284,-0.6277817,-0.9104823,-1.5318775,-0.959469675,79006113670.28314,53016522.0,1.85748708248138,1381.619166666667
MMR,Myanmar,2021,3.114925617471408,18.17737711572925,9.007834728055409,-7.879006782427648,1242.7213439950963,7.125058886165455,,-9.430560533941446,19.51720937210098,-1.1369346999999999,-1.5648147,-1.5416257999999998,-0.9391159,-1.4221985,-2.0939498999999997,-1.2956227749999998,66345291149.4433,53387102.0,1.88372933864594,
MMR,Myanmar,2022,1.9894607604353618,18.17737711572925,9.007834728055409,4.0374934360085035,1158.0500505597558,7.054492878753109,,-9.430560533941446,6.163716489058984,-1.2603465999999999,-1.6587577999999998,-1.64369041,-1.136637,-1.8445657,-2.1173536299999998,-1.4250798749999998,62253049903.28002,53756787.0,1.91111409664154,
MMR,Myanmar,2023,2.2771513166160107,18.17737711572925,9.007834728055409,0.9584466251261148,1233.1966620926912,7.117364989304384,,-9.430560533941446,10.787666446333887,-1.4451128,-1.7242442,-1.5813496,-1.1116397999999998,-1.9995543,-2.1173536299999998,-1.4655866,66757619000.0,54133798.0,1.9397029876709,
MYS,Malaysia,2000,4.038428623937635,10.047765105123677,-1.0857389772397774,8.858868169693864,4083.528744836047,8.314716782037923,220.40678898207355,0.0,8.85521685144839,0.40974459999999996,-0.0264614,0.8746596999999999,0.1485516,-0.8673493999999999,0.016114899999999998,0.35162362499999994,93789736842.10527,22967816.0,2.58731245994568,3.8
MYS,Malaysia,2001,0.5970293182520789,11.635910575961168,8.848512895562807,0.5176753191928611,3943.7994391023894,8.279899862274945,203.3646360106529,0.0,-1.5818739118174392,,,,,,,,92783947368.42105,23526538.0,2.61509108543396,3.8
MYS,Malaysia,2002,3.1661243225047118,4.484024329145868,3.2963123707561572,5.390988306927966,4184.031637735386,8.339030567316406,199.3562326956549,0.0,3.1288831986340853,0.5675736,0.2232436,0.9197187,0.0229281,-0.6218648,0.3662257,0.433366,100845526315.78947,24102477.0,2.64316821098328,3.8
MYS,Malaysia,2003,2.9209420945676468,8.627179939619596,2.906032398256265,5.788499285887497,4465.3219456720835,8.40409659500507,194.19512905683087,0.0,3.298932876878254,0.7165568999999999,0.3410072,0.9352283,0.1430371,-0.45083249999999997,0.3617264,0.533957375,110202368421.05264,24679602.0,2.67154669761658,3.8
MYS,Malaysia,2004,3.5078726204941213,12.687102727910403,0.03447879054618486,6.783437723703045,4939.248518544275,8.50496847685811,210.37426589712433,0.0,6.0092826148210605,0.5752967999999999,0.3711285,0.8416173,0.1525683,-0.4750985,0.1553244,0.48515272499999995,124749473684.21053,25256772.0,2.70022964477539,3.8
MYS,Malaysia,2005,2.7343873494007807,8.79316995043841,-2.6731741041822072,5.332139161414858,5555.581799512061,8.622558430975078,203.8546445956238,-0.3402712489930293,8.862586470677101,0.5598434,0.27723339999999996,0.7787883999999999,0.0332139,-0.38064149999999997,0.4092882,0.412269775,143534405818.50137,25836071.0,2.72922086715698,3.787091666666668
MYS,Malaysia,2006,4.727164848343576,13.631007811353745,2.409000976915662,5.5848470671515,6158.4078553323625,8.725573558076272,202.57714684039786,-3.190355719145832,3.9809316735124156,0.6788801999999999,0.3835036,0.8257169999999999,0.1145548,-0.35564579999999996,0.2101206,0.5006638999999999,162692258307.0555,26417909.0,2.75938773155212,3.668176958333332
MYS,Malaysia,2007,4.686845782874359,7.922535768161319,1.4567353466571267,6.298785927409469,7168.930319425083,8.877511734099272,192.46550635765172,-6.493015033105265,4.8813233572794275,0.7212038,0.29856089999999996,0.8924989999999999,0.05892,-0.38093459999999996,0.158114,0.49279592499999997,193549569477.73267,26998389.0,2.78988838195801,3.437569382262475
MYS,Malaysia,2008,3.2808194912517368,10.535425110552016,-3.9033819375843146,4.8317698891309675,8371.82156086005,9.03262676953799,176.66832478514812,-3.0042123503417173,10.388900399283571,0.6129114999999999,0.2195174,0.7810638999999999,-0.0949358,-0.4031884,0.1350346,0.37963925,230811614370.38364,27570059.0,2.82072591781616,3.335833333333332
MYS,Malaysia,2009,0.056692316075743036,7.739928125918648,11.782392956305888,-1.5135287159871353,7191.4328723462595,8.880645717695472,162.5589704526995,5.501688486443634,-5.9922015556219606,0.5057859,0.2116536,0.7061109,-0.1462104,-0.3870416,0.028329299999999998,0.319335,202257453036.6409,28124778.0,2.85190463066101,3.524502910706442
MYS,Malaysia,2010,4.268646638540306,7.347736050819758,-2.1132773264270206,7.424847383260968,8899.34505544675,9.09373296373676,157.9447648867712,-9.002055432635236,7.266845933894388,0.6535173,0.2255439,0.9606572999999999,-0.0491702,-0.2505399,0.17529989999999998,0.447637075,255017638455.5897,28655776.0,2.88342761993408,3.22108691472175
MYS,Malaysia,2011,5.074460321433771,14.627938285850467,-0.4718686339606445,5.2939128341400306,10217.106858503092,9.231818737429075,154.937684607226,-5.130295396050566,5.41240809007968,0.5248522999999999,0.1386142,0.9015907999999999,0.0660407,-0.2990577,0.0582972,0.4077745,297951668674.83466,29162039.0,2.90448880195618,3.060003010520578
MYS,Malaysia,2012,2.8290573817452933,8.846019728950752,3.7484193736755045,5.473454192538526,10600.574424002583,9.268663469575522,147.84175476601337,0.9367046742903007,0.9999323034708851,0.754922,0.2392426,0.8762495,0.1532346,-0.3845057,-0.019679699999999998,0.505912175,314443047642.11096,29662831.0,2.92570376396179,3.088800866621875
MYS,Malaysia,2013,3.49431175959971,7.397400682317364,4.467530817456926,4.693722525578934,10713.640763889869,9.279273046281041,142.72099146487284,1.9907893315346037,0.1744744813214396,0.8446929999999999,0.19176559999999998,0.8710349,0.21595699999999998,-0.397625,-0.0428372,0.530862625,323276235524.41534,30174265.0,2.94707369804382,3.150908550097245
MYS,Malaysia,2014,3.1412294036534822,6.304048086167639,2.068518216431727,6.006721945582029,11013.310733440316,9.306859886916302,138.31223117684328,3.797330306219293,2.467466783663781,0.8827965,0.2420724,0.9192374999999999,0.29517479999999996,-0.40981599999999996,0.08798009999999999,0.5848203,338066095097.2544,30696137.0,2.96859955787659,3.272859746430472
MYS,Malaysia,2015,3.270944029317345,3.0435351323819617,3.307037704081286,5.091532421550113,9648.679793752302,9.17457637603625,131.37007244525975,17.672174050172785,1.2180557335533848,0.7623928,0.11417079999999999,0.8365268,0.24399069999999998,-0.4440462,0.0447869,0.489270275,301355266964.9473,31232798.0,2.99028301239014,3.90550026302768
MYS,Malaysia,2016,4.471309585986512,2.8011336026301876,2.8259451826062665,4.449781397615411,9476.534098099228,9.15657392693423,126.89901002569985,6.03128881426418,1.65825996642414,0.729094,0.098701,0.7772776,0.1034428,-0.4559705,-0.0158376,0.42712885000000006,301256033870.33356,31789685.0,3.01212477684021,4.148300662878788
MYS,Malaysia,2017,2.9358203805856014,4.644639093452243,0.7989260403272769,5.812722409833285,9862.548066122346,9.196499838766826,133.15517337195615,3.6018775561870386,3.778960943064533,0.7662251999999999,0.1306432,0.7610752,0.0731841,-0.4206464,-0.011848,0.43278192499999996,319109094160.3431,32355643.999999996,3.03412580490112,4.300440877611242
MYS,Malaysia,2018,2.314587212197341,7.688023919992551,4.277048073891243,4.843086976348815,10901.80199544212,9.29668337523604,130.40262550212626,-6.367899385743936,0.6246746745866432,0.7479363,0.28639539999999997,0.8592295999999999,0.49354149999999997,-0.17732009999999998,0.1769644,0.5967757,358788845712.5297,32910967.0,3.05628776550293,4.03513013706806
MYS,Malaysia,2019,2.506977057480441,2.674720321316398,4.801617186183979,4.413187421295859,10920.191763972032,9.298368809948007,123.02856202794288,2.625361122226866,0.07182690931213642,0.7557539999999999,0.3389272,0.8172716,0.46090329999999996,-0.0505939,0.16088919999999998,0.593214025,365177721021.5161,33440596.0,3.07861137390137,4.14246973569731
MYS,Malaysia,2020,1.2027546425582092,4.593247705845264,4.8014919971822305,-5.456846584267012,9957.526266976134,9.206083952961045,116.78818243763847,1.4621052705378057,-0.818007729183023,0.637551,0.34997059999999997,0.8675225999999999,0.420523,-0.1578862,0.14007039999999998,0.5688918000000001,337456163961.2112,33889558.0,3.10109806060791,4.203481948518838
MYS,Malaysia,2021,5.41626377085161,5.5590340939707685,-2.1119586120884293,3.3153495439916583,10903.103748077187,9.296802775214369,134.03599469072654,-1.4421225109624736,5.675938487641162,0.7295908,0.3016338,0.8036415,0.3015023,-0.2516963,0.196108,0.5340921000000001,373784553029.9776,34282399.0,3.13224864006043,4.143297598177205
MYS,Malaysia,2022,3.6848621554629144,3.9970149152123575,-2.2468071304743034,9.031737230444506,11754.567833624773,9.371997195825756,146.42460475390752,6.035714288203908,6.296299503337991,0.6557653999999999,0.2952941,0.7857271,0.3710292,-0.1529312,0.2483001,0.52695395,407830525989.55347,34695493.0,3.16371178627014,4.40107634540072
MYS,Malaysia,2023,1.9799006271674295,5.831200970602034,7.301359695252673,3.537063804105699,11386.039563652774,9.3401432842681,132.59346164159942,3.5610196851474374,-1.8489837355995746,0.588407,0.30168429999999996,0.7474757999999999,0.380697,-0.1658995,0.2281849,0.5045660249999999,399949418752.6573,35126298.0,3.20573282241821,4.560623432408975
PHL,Philippines,2000,1.7772245261351234,8.120764926906624,4.8104932596846,4.382505000833987,1050.7927310795235,6.957300140276537,85.15336846000389,14.313207034792796,5.816933544248968,-0.0383351,-0.47679829999999995,-0.3125616,-0.6204556,0.0590343,-1.4413357999999998,-0.36203765,83669788376.9213,79625397.0,2.44470477104187,44.19225
PHL,Philippines,2001,0.9629854439349901,9.985692427480576,6.421884222193988,3.049231344634862,969.5306117444528,6.8768120489593265,84.90038862375307,14.313207034792796,5.61886228085811,,,,,,,,78921234457.54874,81401488.0,2.46005773544312,50.99265
PHL,Philippines,2002,2.098275045165883,9.96845059499668,4.708199924692164,3.716255001583832,1014.9087932010623,6.922554028523124,83.84480409377893,1.1909286854447476,4.231091813720582,-0.1674842,-0.39124929999999997,-0.3913156,-0.7011590999999999,0.057860499999999995,-1.0320493,-0.41280205,84307345887.543,83068889.0,2.4755072593689,51.60356666666668
PHL,Philippines,2003,0.5652632434321023,4.287276009672414,6.085285046707985,5.086911135130734,1027.2301192842956,6.934621254238977,87.5746443636636,4.915161562375259,3.1921313294937192,-0.1020846,-0.5644443,-0.4188308,-0.6453601999999999,-0.07952909999999999,-1.5732442,-0.432679975,87039092974.22725,84731835.0,2.49105358123779,54.20333333333332
PHL,Philippines,2004,0.6231447779634542,10.723320128636216,3.955247392606917,6.5692285118062586,1099.6301302375837,7.002729157004796,87.12528482320484,3.3321827265107906,5.890758534069533,-0.06969639999999999,-0.5201484,-0.2602502,-0.6581410999999999,-0.0560031,-1.5795105999999999,-0.377059025,95001999685.33144,86394504.0,2.50669765472412,56.03991666666665
PHL,Philippines,2005,1.5490600924923132,6.8422007098892905,4.035489721288123,4.942505118776779,1220.4601855986728,7.10698326791516,83.84567457080512,-1.7177862082603745,5.910893447854093,0.1743161,-0.34745689999999996,-0.1470565,-0.7396311999999999,-0.034266399999999995,-1.1762537,-0.26495712499999996,107419977318.16573,88015962.0,2.52243995666504,55.08549166666665
PHL,Philippines,2006,2.120918864792172,23.453614135033988,4.440119450086602,5.316416821369387,1426.1464917954625,7.26273132486729,80.85053867287749,-7.091744249603105,5.111586662950373,0.157936,-0.41465019999999997,-0.0535938,-0.6610347999999999,-0.09957089999999999,-1.4720731,-0.2428357,127652926368.06917,89508986.0,2.53909778594971,51.3142725
PHL,Philippines,2007,1.8712124588770571,9.605706455443643,5.3575970181608055,6.519291550189379,1712.6554328279278,7.445800329712745,73.6449799920629,-9.602153247843008,3.1642897549487543,0.15864799999999998,-0.4498061,0.0343449,-0.6865834,-0.0878404,-1.4430777,-0.23584914999999998,155980408673.40317,91075184.0,2.55586576461792,46.148391177755
PHL,Philippines,2008,0.7378005892152417,10.04090309034629,1.4665783219470652,4.344487305091832,1959.292335349778,7.580338633636123,67.6810707730401,-4.035188102025478,7.17921618315836,0.075357,-0.5502355999999999,-0.0220572,-0.6874488,-0.1571072,-1.6629672,-0.29609615,181624626327.36093,92699095.0,2.56856727600098,44.32328760940998
PHL,Philippines,2009,1.1732482124642734,8.63839150729624,5.672578240631654,1.4483230627566854,1864.450434064713,7.530721615229425,60.88659078697584,7.299527002251249,2.7382585664238235,0.0167422,-0.6324434999999999,-0.0291995,-0.8274589,-0.1299899,-1.6270742,-0.368089925,175974755881.37238,94384250.0,2.57997512817383,47.67968845350905
PHL,Philippines,2010,0.5136980495176585,10.897082770600688,3.163508982723971,7.334499960345383,2162.9137588561402,7.6792115540791945,66.10427851377968,-5.540898169759689,4.370884364448884,-0.0305694,-0.6511728999999999,-0.0031122,-0.7820844,-0.1658965,-1.5826192,-0.366734725,208368893151.14383,96337125.0,2.59143400192261,45.10966418008958
PHL,Philippines,2011,0.8569630029859625,5.306749762856609,2.6409505038279844,3.858232827956627,2383.9189252208703,7.776501019729808,60.795836699907525,-4.064052477328728,3.91880577530506,0.0117513,-0.5225183,0.0797874,-0.5655338999999999,-0.1258736,-1.3804409,-0.24912837499999996,234216730291.32016,98248614.0,2.60486817359924,43.31313692374878
PHL,Philippines,2012,1.2276300070311883,6.977796231858996,3.6132689573370738,6.896951710509853,2614.6164440130824,7.86887269041154,57.84200551330817,-2.535365410753343,1.9941760968025193,0.13225589999999998,-0.4882631,0.22345079999999998,-0.633583,-0.1182307,-1.1706826,-0.19153485,261920540962.62988,100175512.0,2.61837196350098,42.22879473494342
PHL,Philippines,2013,1.3164263837819732,29.329502551069016,3.630934121494579,6.750531301422555,2781.2795767739717,7.930666380203704,55.82478123202985,0.5134706249082299,2.0610633590686973,0.0316296,-0.4699791,0.24279879999999998,-0.49817089999999997,-0.0599001,-1.0944308,-0.17343039999999998,283902828588.7177,102076336.0,2.63194608688355,42.44618483067395
PHL,Philippines,2014,1.9293752280221632,12.437500484562976,2.3996002433777295,6.347987482608673,2866.838037614072,7.9609649723497515,57.46817208759447,4.48932918959315,3.0530553008590573,0.0596485,-0.3610228,0.4543872,-0.5826913,0.07608469999999999,-0.805762,-0.1074196,297483555338.0443,103767130.0,2.64559030532837,44.39515430420972
PHL,Philippines,2015,1.8401801071794244,9.195824605523919,6.343586489956159,6.348309716727613,2909.8581801030064,7.97585962361814,59.141592105309414,2.464441413022822,-0.719682789735927,0.0878094,-0.4299627,0.40802099999999997,-0.5904252999999999,0.029415399999999998,-0.9268185999999999,-0.1311394,306445871242.32245,105312992.0,2.65930533409119,45.50283994214312
PHL,Philippines,2016,2.598508034942113,13.326273033800822,4.306550978334635,7.149456750007516,2985.195640240464,8.00142056479806,61.77606576538708,4.279630252321942,1.2803117437396168,0.1261455,-0.4729561,0.24995389999999998,-0.613111,0.024654199999999998,-1.4376683,-0.177491925,318627003016.73126,106735719.0,2.67309141159058,47.49246385850992
PHL,Philippines,2017,3.1223877840489633,11.423124947866135,3.231999269404701,6.930988325840204,3038.1212495928917,8.018994593351032,68.1683697426727,5.949393494159816,2.3202599460893936,0.1368136,-0.5912855,0.1764345,-0.636865,-0.09463289999999999,-1.2792545,-0.22872560000000003,328480736802.7598,108119693.0,2.6869490146637,50.40371979371772
PHL,Philippines,2018,2.868338260704975,8.999145744784798,2.2921064037930723,6.341485571534733,3168.5103660972686,8.06101684036853,72.1633982990273,4.381833037673211,3.740653830220708,-0.0051077,-0.6398018,0.2184254,-0.6388345,-0.1655678,-1.0667773999999999,-0.26632965,346841896587.31256,109465287.0,2.70087862014771,52.66142995396828
PHL,Philippines,2019,2.3011749859829447,9.843921639096688,6.3544615903389685,6.118525662213031,3400.789497670743,8.131762888846076,68.84184225956784,-1.6574578200205359,0.6970762974194855,0.0586419,-0.647098,0.1818096,-0.6111557,-0.18687569999999998,-1.0094929,-0.25445054999999994,376823402239.1359,110804683.0,2.7148802280426,51.79578265173325
PHL,Philippines,2020,1.885863632111708,8.657732058856666,6.3544615903389685,-7.879006782427648,3227.579102351993,8.079487631282426,58.16956030222815,-4.283220769147045,1.6504901868136699,0.0141421,-0.6331335,0.1815124,-0.5392618,-0.2661611,-0.9415427,-0.2441852,361751145451.59674,112081264.0,2.72895431518555,49.62409600263282
PHL,Philippines,2021,3.040788553100448,7.9802684339455405,6.3544615903389685,5.714733131851162,3484.3859388281885,8.156047106472293,63.484609813671156,-0.7473804108670379,2.282478462581423,0.0148496,-0.6736731,0.1562797,-0.5743865,-0.37463389999999996,-1.0935816,-0.269232575,394087359848.11,113100950.0,2.83230948448181,49.2545977288412
PHL,Philippines,2022,2.347509723336898,7.8203392393223545,6.3544615903389685,7.580982127855634,3548.0693057211556,8.174158876981968,72.42968361075991,10.079030109954834,5.488648202020087,0.0048008999999999994,-0.6321996,0.035792899999999996,-0.5774689,-0.3442518,-0.8990423999999999,-0.292268675,404353369604.6311,113964338.0,2.93957924842834,54.47778583720498
PHL,Philippines,2023,2.042103548206695,7.8203392393223545,6.3544615903389685,5.51894967862863,3804.0827413109687,8.243830174562001,67.41996931739664,2.093613407346373,4.601433070782406,0.0633741,-0.6011586999999999,0.1018162,-0.5690313,-0.363659,-0.709066,-0.251249925,437055627244.424,114891199.0,2.95599770545959,55.63036322319302
SGP,Singapore,2000,16.148890451526903,-1.936401692770487,1.8965818038996691,9.038316325551634,23809.344891262088,10.077833425085679,364.36452046821756,3.8551544003574745,3.863477517832692,2.1066061,1.4658514,2.2746734440000003,1.9003614999999998,0.2235622,1.1045471999999998,1.9545012249999998,96076539925.74088,4035244.9999999995,2.72152423858643,1.723963333333333
SGP,Singapore,2001,18.939860685735326,5.857880139030299,7.6006741067885075,-1.0708627510044835,21814.90995981491,9.990348958105457,349.2921056949783,3.8551544003574745,-1.8144317307134799,,,,,,,,89793790669.6515,4116166.0,2.70760941505432,1.7917225
SGP,Singapore,2002,6.653665882470554,-0.33204539298763464,6.299247904899691,3.923360767020128,22315.115240448555,10.013019541309438,349.74601398567637,-0.06332039609784346,-0.8969156323846477,2.0396337,1.4336100999999999,2.067514,2.1109511999999997,0.21606,1.1440472,1.9129272499999999,92538372869.6942,4146892.0000000005,2.69376587867737,1.790588333333334
SGP,Singapore,2003,17.462415369689648,8.052929343796153,7.235892783364765,4.548255426432291,23596.089911456882,10.06883629556904,377.2185643015814,-2.7405127781441774,-1.799048869388784,2.0697739,1.4774890999999999,2.0823753,2.1045873999999998,0.1296034,0.8806358,1.933556425,97646401095.6369,4138245.0000000005,2.67999315261841,1.742183333333334
SGP,Singapore,2004,21.202723750554185,6.236051828172895,1.2894169521310854,9.939982684349573,27567.701024535774,10.224400113690614,401.5237125385094,-3.027548761842924,3.959528219778676,1.8895435999999999,1.5013678,2.1566810999999997,2.0039426,-0.09827759999999999,1.0349930999999999,1.8878837749999997,115033593101.04909,4172767.0000000005,2.6662905216217,1.690228333333333
SGP,Singapore,2005,15.113358847877512,6.1936534317656955,3.336078554339562,7.366322392507584,29943.05282501641,10.307052617538973,417.5944928632511,-1.5400432207172465,1.9005186505386007,1.9437505,1.5198855,2.1744068,2.0030373,0.0542111,1.1381609,1.910270025,127807848728.39835,4268364.0,2.65265846252441,1.6643975
SGP,Singapore,2006,26.327152304673483,19.3688281258886,3.405513092378726,9.006766078717575,33724.83102363315,10.425989670644817,417.5944928632511,-4.640026451633816,1.844183013644198,1.9733364999999998,1.4382899999999998,2.1986117,2.147307894,0.0142309,1.2280811,1.94004275,148627286361.35068,4407058.0,2.72960352897644,1.588933333333334
SGP,Singapore,2007,26.161988876805637,13.411914561780572,-0.5540427402315632,9.021519512688926,39364.975717031375,10.580631758751398,394.2884719190782,-5.2874551246894,5.916824476696945,2.0657181,1.4198819999999999,2.2746734440000003,2.147307894,0.048464799999999995,1.1413902,1.983812275,180941701357.97046,4596515.0,2.80878090858459,1.507101666666667
SGP,Singapore,2008,7.0232860822828584,12.048689585409257,6.856278722801229,1.8634834546203507,40280.373654249895,10.603619623210772,417.5944928632511,-6.3157205062264135,-1.3815554316942666,2.0882662,1.4183268999999998,2.2746734440000003,2.147307894,0.0889982,1.2892238,1.9919987999999997,193617323539.2028,4806741.0,2.89025473594666,1.414860833333334
SGP,Singapore,2009,12.071094414327526,11.336808929775435,2.3564670940494734,0.1279533827780881,39075.702248930975,10.573256126949836,358.19281182884225,2.7641139449957497,2.953924643737821,1.9625852,1.3783538,2.1610476999999997,2.1408814,0.1351534,1.2287248,1.9107170249999998,194150283771.56647,4968568.0,2.97409200668335,1.454514713438735
SGP,Singapore,2010,23.069471677080195,8.590320534147251,4.225382135084975,13.676908147676594,47234.05934890856,10.762870507723342,369.6855557876458,-6.461127970009067,1.1078087134461612,2.0047029,1.3929086,2.1773529,2.07204,0.11890719999999999,1.1901335,1.9117511,239807980591.23965,5077014.0,3.0603609085083,1.363508333333334
SGP,Singapore,2011,17.596031406585418,9.988129393333853,4.160490844384078,6.214934168589892,53906.525555934044,10.89500681739706,379.09863137753905,-8.071605063508807,1.170798203550973,1.9447455999999999,1.4205904,2.1271599,2.0725464,0.20728929999999998,1.1188700999999999,1.891260575,279356499090.45807,5182239.0,3.07251238822937,1.257775877192982
SGP,Singapore,2012,18.74352442318018,7.225307386824607,4.8605775633829715,4.435497593785371,55747.95650318881,10.928596033999245,369.2129657876647,-0.6460503650741412,0.4953457712008742,2.1253998,1.544123856,2.2446934,2.0881784,0.3352546990000001,1.256811,2.002871475,295092888076.5895,5293340.0,3.07657361030579,1.2512140286467777
SGP,Singapore,2013,20.934481044653218,4.315656774415572,5.836216953178351,4.817630991206755,57111.008228812076,10.952752165658426,367.0417800490191,0.12985301675882965,-0.4310593918716705,2.0879315,1.4835114,2.1745281,2.0543133,0.3004291,1.232658,1.9500710749999999,307576360584.9916,5385588.0,3.10310220718384,1.2513
SGP,Singapore,2014,21.818488078267855,3.331722821503801,5.632323555145648,3.9355402770900696,57689.510756601376,10.962830646656844,360.467319166237,1.250835297060604,-0.26727004163480217,2.1611903999999997,1.5393572,2.1621771,2.0560462999999998,0.3198239,1.0665318,1.97969275,314863580758.45465,5457900.0,3.11748170852661,1.26705
SGP,Singapore,2015,22.65418268904913,1.523990844424097,2.2101501714236753,2.976799316348064,55742.91270209579,10.92850555482131,329.4713989402615,8.163508643192275,3.0719550096641797,2.175251382,1.544123856,2.1874773,2.0799857999999998,0.3248838,1.1123429,2.0087274335,307998545269.39795,5525340.0,3.14851927757263,1.374825
SGP,Singapore,2016,20.376628756249485,8.0439173974027,4.8029082691981415,3.7475784879279246,57305.57187370529,10.956153138354093,302.83965604657357,0.48769748860896245,0.5220196078877848,2.175251382,1.544123856,2.2456126999999997,2.1044197,0.3352546990000001,1.2788614,2.0087274335,319646468521.49695,5577930.0,3.15059947967529,1.381546363636363
SGP,Singapore,2017,28.282482730031738,3.198556097977541,2.349442611748309,4.476899158458764,61325.5802118261,11.023952330342855,316.7944092875681,-0.04498606972157537,2.8632861239591136,2.1489542999999998,1.49284,2.2158807,2.1125051999999997,0.25507219999999997,1.3283584720000001,1.99254505,343673334902.32996,5604078.0,3.1422872543335,1.380925
SGP,Singapore,2018,22.837729062601856,3.901878870136831,1.6627574093679365,3.451975965868698,66932.7320522696,11.111443394808427,326.59658728674964,-2.350736503517681,3.6072625650562316,2.1367938,1.5337125999999999,2.2170172,2.1254361999999998,0.2449759,1.2994328,2.0032399499999998,377123710560.6142,5634369.0,3.18827772140503,1.348841666666667
SGP,Singapore,2019,28.225654339909863,4.951350605159912,5.699114190112872,1.3080411815312658,66347.61776702147,11.102663135076925,324.39498511530087,1.129143339579547,-0.424898726497446,2.175251382,1.5263702,2.2442216,2.1188705,0.1894806,1.2580714,2.0087274335,376161998830.04755,5669563.0,3.21364641189575,1.364158333333334
SGP,Singapore,2020,22.717680806410794,13.19102921228946,7.830273256707216,-3.8147088551071278,62127.49811741119,11.036943973735935,332.04080548191337,1.1358650736841946,-2.3929024556623943,2.1222024,1.4703849,2.2154522,2.1272918,0.1525296,1.2855556,1.983832825,349165858544.5685,5620150.0,3.23067116737366,1.379741666666667
SGP,Singapore,2021,28.282482730031738,13.19102921228946,-5.119736821021152,9.756804462990303,74121.58338815914,11.210373410755608,329.161383683762,-2.6630539990032895,10.929287581612243,2.1352444,1.4327467999999999,2.2180671,2.0800635,0.15989609999999999,1.2816641,1.96653045,436591382250.4639,5546290.0,3.2608353281021145,1.343483333333333
SGP,Singapore,2022,28.282482730031738,13.19102921228946,-5.119736821021152,4.108000218971512,74121.58338815914,11.210373410755608,332.3495677548403,2.5851104950315893,14.921410129068803,2.049181,1.4279068,2.2013027,2.0329943,0.15329959999999998,1.1647889999999999,1.9278461999999998,509017841146.55676,5649885.0,3.2608353281021145,1.378666666666667
SGP,Singapore,2023,24.886614521252802,13.19102921228946,-5.119736821021152,1.8214069411538532,74121.58338815914,11.210373410755608,325.6932240537803,-2.6384686473755137,-5.018642640039701,2.1295346,1.4244438,2.2622865,1.9240956,0.06951539999999999,1.2040374,1.935090125,505439514078.0195,5789090.0,3.2608353281021145,1.342766666666667
THA,Thailand,2000,2.663128687271326,4.907951430929565,6.41687160709718,4.455247043350141,2005.976945142342,7.603886475505857,121.29795535147205,10.228704146625578,1.3310499593202536,0.32937659999999996,0.6190078999999999,0.2796884,-0.1190676,0.2890332,0.5759091,0.277251325,126392224253.79382,63007815.0,2.24150514602661,40.11180333333332
THA,Thailand,2001,4.212235095308418,16.377198027382285,5.252581151138587,3.444249009683716,1889.934324671445,7.544297358598845,120.26796627353298,10.228704146625578,1.917532244930527,,,,,,,,120296476180.40192,63651141.0,2.27084016799927,44.4319
THA,Thailand,2002,2.4881530188983434,1.3058949989461215,3.818361611321677,6.149036052100357,2089.7518311155445,7.644800596815534,114.9697430210667,-3.3686289944056202,1.6904580560415354,0.0998766,0.362596,0.1054802,-0.5285957,0.3352546990000001,0.2841788,0.00983927499999998,134300904400.02177,64266436.99999999,2.30055904388428,42.96008333333332
THA,Thailand,2003,3.4359398481189194,6.245641937771046,2.3841420715047676,7.189243303409711,2347.5400128606598,7.761123255819226,116.69281970486456,-3.494871420177592,2.1495490160916972,0.16800679999999998,-0.0029901,0.1883012,-0.55629,0.16002349999999999,-0.16500289999999998,-0.050743025,152280615245.88742,64868166.0,2.33066654205322,41.48461666666665
THA,Thailand,2004,3.3894749526912253,5.792798146671611,0.9499225316878578,6.289342142857947,2641.562687178572,7.87912594798228,127.4118737203927,-3.089825054119988,3.569259426029973,0.3068536,-0.043714699999999995,0.1673729,-0.43766279999999996,0.032279999999999996,-0.5992561,-0.0017877499999999907,172895685154.65817,65452046.99999999,2.361168384552,40.2224149175021
THA,Thailand,2005,4.3395870807052805,6.096479293714574,-0.35417319727353636,4.187638428843371,2867.703834360616,7.9612669308226165,137.85386683224743,-0.005680350281833668,5.091556183048951,0.3176707,-0.0533122,0.24665659999999998,-0.3525114,-0.0764132,-0.8216996,0.03962592499999999,189318408468.5952,66017420.0,2.3920693397522,40.22013020833332
THA,Thailand,2006,4.0212567065949045,8.155196702477545,1.1127946017569381,4.967810892461074,3331.3204351177264,8.11112403144079,134.0869461912682,-5.989199942131451,5.104213273029103,0.23290609999999998,-0.1788782,0.1709682,-0.4581751,-0.6296179,-1.0498077,-0.058294750000000006,221758296021.62064,66567687.00000001,2.42337465286255,37.88198322153632
THA,Thailand,2007,3.2835693935134325,6.252973594885656,3.4869856870278526,5.435151690508093,3918.528174345805,8.273471396551493,129.8732269897175,-9.298946341261827,2.4733377418903615,0.1040205,-0.21475149999999998,0.1510563,-0.2413121,-0.5186765,-1.0329101,-0.05024669999999999,262942621455.05292,67102394.00000001,2.4550895690918,34.51818059170132
THA,Thailand,2008,2.938249053933281,9.164783278233154,0.6545068948919782,1.7256988486633418,4309.135092929862,8.368492488465742,140.43701154093122,-3.552942301228157,5.133780351599611,0.1161174,-0.2254443,0.10422039999999999,-0.30050899999999997,-0.464092,-1.1647166,-0.076403875,291382982430.9515,67619830.0,2.48721981048584,33.31330064123378
THA,Thailand,2009,2.27590224065624,6.764416832062409,4.572319804974011,-0.6906182323005794,4135.439869528185,8.327348978953271,119.26941885458935,2.8773783656021124,0.19477213095817092,0.25828629999999997,-0.2840722,0.2394144,-0.16933099999999998,-0.4569898,-1.1126951,0.011074374999999997,281710630187.3191,68121080.0,2.51977038383484,34.2857741234241
THA,Thailand,2010,4.32320928209171,10.94290509556978,0.24312863861146405,7.513390532616242,4973.862888237778,8.511952058289356,127.25052263825106,-7.886488674758851,4.0809892267374295,0.17361669999999998,-0.25782299999999997,0.1380751,-0.2171947,-0.5764726,-1.2331956,-0.04083147499999999,341104766329.1696,68579447.0,2.55274677276611,31.685705
THA,Thailand,2011,0.667087644548593,15.120968015800571,1.2766820317924994,0.8401320830533336,5373.623283289797,8.589257686846684,139.67540722457585,-3.841002417960837,3.7430981204437046,0.18326019999999998,-0.127405,0.1220647,-0.14721889999999999,-0.4634779,-1.1386768,0.0076752500000000015,370818739623.62195,69007208.0,2.5733745098114,30.49173333333332
THA,Thailand,2012,3.244564443146077,10.375447818997312,3.2167571246918274,7.242796202496422,5725.5280283546335,8.652690056196338,137.6749385102395,1.9208386402169708,1.9091444419967445,0.0807324,-0.11541409999999999,0.1802694,-0.3712467,-0.3357868,-1.2212912999999999,-0.05641475,397558325278.5791,69436098.0,2.59177112579346,31.08309166666668
THA,Thailand,2013,3.791264508728172,7.320850314823771,3.2243349821082132,2.687495563205559,6018.082447292549,8.702523957211225,132.4622741742687,-1.155587817634185,1.7787458923541664,0.13178209999999999,-0.22336899999999998,0.1498463,-0.2742545,-0.4401542,-1.3578088,-0.053998775000000006,420333654592.54706,69845114.0,2.61029958724976,30.72596666666668
THA,Thailand,2014,1.2214531801399844,4.647849566461771,3.4578431711481357,0.9844688636194263,5801.1978916205,8.665819708247517,130.90549544439796,5.551126706709919,1.441465365280294,0.159735,-0.39788999999999997,0.1288639,-0.44629359999999996,-0.8697855999999999,-1.1368246,-0.13889617499999998,407339040197.65125,70216367.0,2.63583588600159,32.47983333333332
THA,Thailand,2015,2.2246854895978396,4.435636486600485,3.9810139730984258,3.1340472491163496,5688.853353978842,8.646263987300964,124.83966215252616,5.300051190182575,0.7221135734125141,0.20687409999999998,-0.3757008,0.0674039,-0.5473428,-0.8491582999999999,-1.156024,-0.1621914,401296238228.0839,70540795.0,2.66162204742432,34.24771666666668
THA,Thailand,2016,0.8433643407186183,4.221786503047914,1.7851191699727542,3.4351577169218217,5833.577156170984,8.671385668570716,120.5752272891298,3.016060772475182,2.63616761998928,0.17029519999999998,-0.3279698,0.0943555,-0.40871949999999996,-0.8553807999999999,-1.1263843999999998,-0.11800965,413366349747.5081,70859841.0,2.68766045570374,35.29638333333332
THA,Thailand,2017,1.8155026010198714,5.012770999427244,2.469714624088518,4.177681032100097,6413.091825303433,8.76609677766532,120.89142743363792,-3.919181073379585,1.8999449899776977,0.2103023,-0.3190283,0.15676579999999998,-0.3709316,-0.883774,-0.9846925999999999,-0.08072294999999999,456356813536.7637,71160187.0,2.6924512386322,33.93981105668585
THA,Thailand,2018,2.712798351386624,4.667547638502581,2.6797972891576882,4.222870287460708,7099.776500814575,8.86781858377543,120.84186473098377,-4.920492620941541,1.4285861642072746,0.1451222,-0.2986525,0.17543609999999998,-0.3729339,-0.9331301999999999,-0.979869,-0.08775702499999999,506754208404.4847,71376079.0,2.69725036621094,32.31022574314575
THA,Thailand,2019,1.0173487758004123,3.636896985192626,3.0389157871948473,2.1145577962827815,7605.696577977591,8.936652795236208,109.68951471516606,-3.98620697112273,1.0144234064249673,0.0906488,-0.2002532,0.1402125,-0.3854632,-0.8092395,-0.5885313999999999,-0.088713775,543976691793.88586,71522271.0,2.76140666007996,31.04760578054985
THA,Thailand,2020,-0.8579895272744926,10.15991613852399,4.6516900475010505,-6.05003846851622,6985.643938925742,8.851612456264517,97.8007432465178,0.7894246457453846,-1.29877505741581,0.0858661,-0.2036855,0.11716489999999999,-0.3820186,-0.8740355999999999,-0.7333386,-0.095668275,500461898480.24554,71641484.0,2.78379058837891,31.2936732130832
THA,Thailand,2021,3.040252820724285,4.8051093260099345,1.2628955644913042,1.5521660842664744,7057.2075480227895,8.861804720802564,117.25294462085199,2.160387317949075,1.7746919298433141,0.10320649999999999,-0.2575207,0.2086191,-0.3893452,-0.8289886,-0.6963747,-0.083760075,506194668789.9366,71727332.0,2.80635571479797,31.9770934417717
THA,Thailand,2022,2.3917984184183743,3.875771904016049,-1.4534927491580283,2.5803787470982655,6909.352818158268,8.84063125364294,132.85871208287122,9.207957376176035,4.659552337865463,0.1135856,-0.2682159,0.22749239999999998,-0.40397849999999996,-0.7947755,-0.5671596,-0.0827791,495644697587.6605,71735329.0,2.82910394668579,35.06135021447765
THA,Thailand,2023,2.001834004966187,1.950480913188441,2.9730081094253764,2.0177509532832687,7195.101309194487,8.881155699721921,128.8241141523753,-0.7419115231426687,1.2749216984249614,0.11897909999999999,-0.1956309,0.3053878,-0.43933419999999995,-0.654,-0.4398775,-0.05264954999999999,515906283940.9326,71702435.0,2.86166048049927,34.80218858083638
VNM,Viet Nam,2000,4.163924079556931,35.41931848888725,6.905766650637599,6.787316404631511,404.02978405511834,6.001488598152458,111.41709441951247,3.8589793165954234,3.408827665276064,-0.6739274,-0.6148348,-0.6960312,-0.7574343,-1.2763399,0.2924713,-0.685556925,31172518403.316227,77154011.0,1.97204279899597,14167.75
VNM,Viet Nam,2001,3.9773354527057205,27.33646235629033,6.624035466302167,6.192893312333766,419.20567758090067,6.038361676762683,111.95593799852482,3.8589793165954234,2.622264784361377,,,,,,,,32685198808.55485,77969361.0,2.01308059692383,14725.16666666666
VNM,Viet Nam,2002,3.9926870513399613,13.27453490332902,4.166937122695034,6.320820991608329,445.1328618173133,6.09837280348592,116.6968686524987,3.6954012597167463,4.698928162019669,-0.834225,-0.8494064,-0.7143552999999999,-0.8009421999999999,-1.4942054,0.385333,-0.7997322249999999,35064105500.83445,78772224.0,2.05497241020203,15279.5
VNM,Viet Nam,2003,3.666012299895834,33.05204433099661,2.2130579169182396,6.899063490552578,497.1170892492557,6.208825590399996,124.32795443912474,1.494605174913488,7.109602462914808,-0.7384175,-0.8325906,-0.6782287,-0.6741923,-1.4248827,0.1353139,-0.730857275,39552513231.91688,79563777.0,2.09773588180542,15509.58333333333
VNM,Viet Nam,2004,3.544081072881993,31.049976485201547,1.188922336282323,7.536410608903864,565.452284586212,6.337625914606657,133.01649786874728,1.5128252323249214,8.433312132090848,-0.5742238,-0.7403814,-0.6498714999999999,-0.8049470999999999,-1.3415135999999999,-0.0062905,-0.6923559499999999,45427854693.25543,80338971.0,2.1413893699646,15746.0
VNM,Viet Nam,2005,3.3904036393087096,30.90671045949977,-6.552887403318082,7.547247728959178,710.7467599948609,6.566316191948592,130.7148460450262,0.71455431005365,18.810519570769742,-0.5216355,-0.5650883,-0.4528703,-0.7912064999999999,-1.2709354,0.3438984,-0.58270015,57633255738.19916,81088313.0,2.18595147132874,15858.91666666667
VNM,Viet Nam,2006,3.616000904325218,29.670795873348155,2.4015172593712455,6.9779548105671125,807.7566451170537,6.6942608313709275,138.3136218695982,0.8497374786298195,8.568947976037663,-0.4928586,-0.5716664,-0.4177643,-0.5812801,-1.2156144,0.3001579,-0.51589235,66371664817.043625,82167897.0,2.23101854324341,15994.25
VNM,Viet Nam,2007,8.654717714348049,47.028943948113024,1.413637871476664,7.129504486054387,925.6403383487174,6.830485755686895,154.6053839965543,0.6908261668662874,9.630225612161183,-0.4322833,-0.5454405999999999,-0.4295851,-0.4258129,-1.2005715,0.15307379999999998,-0.45828047499999996,77414425532.24516,83633375.0,2.27701449394226,16105.125
VNM,Viet Nam,2008,9.663039054557201,20.69752706063764,-5.616335288623398,5.6617712089136205,1163.8319577287318,7.059473251657149,154.31747962775836,1.216559077855628,22.67331617461062,-0.4332135,-0.5598863,-0.3687546,-0.3559755,-1.2173914,0.0487952,-0.429457475,99130304099.12743,85175788.0,2.32395887374878,16302.25
VNM,Viet Nam,2009,7.168819888842765,26.2326704190675,3.627881411860442,5.3978975401418126,1226.1697605153618,7.111650573888761,134.70631772175759,4.573133053980172,6.215623151205676,-0.493849,-0.6059304999999999,-0.3193011,-0.31641739999999996,-1.2169231,0.1922119,-0.4338745,106014659565.21387,86460018.0,2.37187123298645,17065.08333333334
VNM,Viet Nam,2010,5.434739293344299,29.714606841345898,-14.68686501966418,6.423244822394821,1683.1618244397855,7.428429341939102,113.97768753971418,8.682131851250041,24.826256392462387,-0.5429733999999999,-0.6396959999999999,-0.3572817,-0.4115989,-1.2627777,0.1198679,-0.4878875,147201173196.97876,87455152.0,2.42077112197876,18612.91666666667
VNM,Viet Nam,2011,4.304874349021606,11.94244604014647,-3.673264804151524,6.413168896816828,1950.925041749125,7.5760589194591565,125.26057794082932,9.704459868535764,21.41367928181772,-0.4919809,-0.5275764,-0.34080089999999996,-0.35880979999999996,-1.1632924999999998,0.125534,-0.42979199999999995,172595049183.9247,88468314.0,2.44234204292297,20509.75
VNM,Viet Nam,2012,4.278322876811744,24.544747699406706,4.02832802666538,5.504544704118899,2185.117676542914,7.689424962620858,123.2241167459847,1.5397852466662698,9.077660690250383,-0.6336769999999999,-0.5760225999999999,-0.3349164,-0.4625662,-1.2561585,0.1055642,-0.50179555,195590661129.24908,89510356.0,2.46410512924194,20828.0
VNM,Viet Nam,2013,4.164545172773247,21.399470154494743,6.089708703689181,5.553510810260718,2359.517364728279,7.766212370634288,130.84635486674253,0.5048530389187178,4.038523637522758,-0.6002685999999999,-0.6167336,-0.32129969999999997,-0.4169478,-1.2124165,0.11542089999999999,-0.488812425,213708811665.34036,90573104.0,2.48606204986572,20933.41666666667
VNM,Viet Nam,2014,3.940861890519609,19.74001848538659,4.789731165124982,6.422243121185673,2546.3846445990334,7.842429845710553,135.410521454361,1.019857268336466,3.698137968088176,-0.4870771,-0.4910245,0.08132579999999999,-0.36194139999999997,-1.1673414,-0.0126942,-0.3146793,233451469642.51938,91679578.0,2.50821471214294,21148.0
VNM,Viet Nam,2015,4.931907733290215,14.90843991878047,8.988296875672006,6.98715430598611,2577.568853401125,7.854601928784032,144.9142281952372,2.565481911570444,-1.7165117074965508,-0.32896739999999997,-0.372697,0.0996825,-0.3774131,-1.006907,0.06817859999999999,-0.24484875,239258328381.7414,92823254.0,2.53056478500366,21697.5675
VNM,Viet Nam,2016,4.900893029167459,17.880356855518198,5.0486029280726665,6.690008926604236,2735.060438041602,7.9139088126161665,145.40950797311808,1.088341512030233,1.8195359277991372,-0.3117465,-0.2605867,0.0543506,-0.35668849999999996,-1.0215638999999999,0.1824971,-0.21866777499999998,257096001177.98184,94000117.0,2.55311393737793,21935.00083333333
VNM,Viet Nam,2017,5.011487217496808,14.256368311521324,2.5915141589646513,6.94019037359206,2956.1099212775316,7.991629467194556,160.9800836588696,1.9641077121651307,4.362920147664312,-0.2736109,-0.309361,0.070354,-0.4238211,-1.1220052999999999,0.15001789999999998,-0.23410975,281353605986.90344,95176977.0,2.57066369056702,22370.08666666667
VNM,Viet Nam,2018,4.9982831962232765,12.698383907647651,3.614155043417628,7.465006855727509,3222.3100312536644,8.077853782339812,164.66393677589295,1.031596039826077,3.6266473002725945,-0.2920712,-0.2854719,0.018463,-0.3951053,-1.0842098,-0.054259299999999996,-0.23854635,310106478394.6589,96237319.0,2.58606362342834,22602.05
VNM,Viet Nam,2019,4.821074861051002,13.621302297699312,5.1592526572948145,7.359262701050056,3440.9002537543365,8.143488417802306,164.70421503140798,1.9635643712659245,2.423226942292672,-0.27804429999999997,-0.2953357,0.0409358,-0.3621433,-1.0411751999999999,0.09167449999999999,-0.22364687500000002,334365270496.66705,97173776.0,2.60155558586121,23050.24166666667
VNM,Viet Nam,2020,4.5583619678242355,13.633490003684443,6.090642996834034,2.865413209122721,3534.0395348264683,8.170196839808145,163.24586281493492,0.6836663815413146,1.4674781481081425,-0.23585309999999998,-0.3016754,0.0679668,-0.3131812,-1.0910720999999999,0.1302346,-0.19568572499999998,346615738537.7963,98079191.0,2.63281893730164,23190.87746666666
VNM,Viet Nam,2021,4.273145661901873,9.675951414634177,4.792180472832121,2.553728526481308,3704.193559003796,8.217220851151218,186.6758328368143,-0.20956521902171232,2.8807679290064243,-0.3447202,-0.31064159999999996,0.0482402,-0.310677,-1.0661124,0.1345844,-0.22944964999999998,366474752771.00934,98935098.0,2.66445779800415,23159.78259259259
VNM,Viet Nam,2022,4.329473089108825,5.679409737299154,3.4186168447973624,8.537500467557877,4147.69777213621,8.330308705589859,183.15361914783583,0.47998162052795834,4.442833049518896,-0.34720249999999997,-0.3368491,-0.1033176,-0.2459866,-1.0863991,0.1227944,-0.25833895,413445230668.5782,99680655.0,2.69647669792175,23190.87746666666
VNM,Viet Nam,2023,4.264071098436864,5.679409737299154,7.081368362152133,5.06502391455075,4323.3503198245135,8.371785917661148,164.8180712698939,2.1935548889235434,2.093390915837574,-0.2794316,-0.34019889999999997,-0.1794045,-0.3083958,-1.1049187999999999,0.0907515,-0.2768577,433857681378.29095,100352192.0,2.74444723129272,23190.87746666666
