model_id,estimator,term,coef,std_error,t_stat,p_value,ci_low,ci_high
M1_baseline_liquidity,pooled_ols,Intercept,-9.659300515822832,5.201671680629927,-1.856960821228356,0.0633167283205484,-19.854389669259422,0.5357886376137593
M1_baseline_liquidity,pooled_ols,broad_money_growth_pct,0.0848504721003699,0.0256895190179618,3.3029217884944972,0.0009568307067018,0.0344999400450079,0.135201004155732
M1_baseline_liquidity,pooled_ols,inflation_gdp_deflator_pct,-0.0306541933134161,0.0227409937825054,-1.347970700251378,0.1776678065650964,-0.0752257220997761,0.0139173354729438
M1_baseline_liquidity,pooled_ols,trade_pct_gdp,0.0557318388736161,0.0061500099350153,9.062072982403633,1.2799451184909466e-19,0.0436780408964226,0.0677856368508096
M1_baseline_liquidity,pooled_ols,ln_gdppc,0.2451020917200567,0.2131395991716116,1.1499603671615712,0.25016019532403,-0.1726438463356053,0.6628480297757187
M1_baseline_liquidity,pooled_ols,xr_dep_pct,0.0020065070732402,0.0368971527425377,0.0543810815767105,0.9566315512632068,-0.0703105834342069,0.0743235975806874
M1_baseline_liquidity,fixed_effects,Intercept,-0.7260745909341969,45.399831261037235,-0.0159928918404884,0.9872585984626172,-90.33863001999492,88.88648083812652
M1_baseline_liquidity,fixed_effects,broad_money_growth_pct,0.045968704754652,0.0235668632123305,1.950565263628318,0.0527339286396046,-0.0005487993250715,0.0924862088343756
M1_baseline_liquidity,fixed_effects,inflation_gdp_deflator_pct,-0.0195024180927271,0.0234785489734456,-0.8306483554322054,0.4073238358168294,-0.0658456029204309,0.0268407667349767
M1_baseline_liquidity,fixed_effects,trade_pct_gdp,-0.0013866297646025,0.0189611815201378,-0.0731299240572059,0.941787702791431,-0.0388131990442131,0.0360399395150079
M1_baseline_liquidity,fixed_effects,ln_gdppc,0.2059099657592671,1.8657893430178287,0.1103607792218478,0.9122519211625564,-3.4768823767670742,3.888702308285609
M1_baseline_liquidity,fixed_effects,xr_dep_pct,0.0153086110744702,0.0377026996809432,0.4060348782452829,0.6852216660194927,-0.0591109444863748,0.0897281666353153
M1_baseline_liquidity,fixed_effects_driscoll_kraay,Intercept,-0.7260745909341969,37.845891381344856,-0.0191850307770025,0.9847157361013956,-75.42826940027001,73.9761202184016
M1_baseline_liquidity,fixed_effects_driscoll_kraay,broad_money_growth_pct,0.045968704754652,0.0277491369654576,1.6565814213203909,0.0994272136762157,-0.0088039894460809,0.100741398955385
M1_baseline_liquidity,fixed_effects_driscoll_kraay,inflation_gdp_deflator_pct,-0.0195024180927271,0.0575731521495127,-0.3387415377584495,0.7352176185689552,-0.1331433093673984,0.0941384731819442
M1_baseline_liquidity,fixed_effects_driscoll_kraay,trade_pct_gdp,-0.0013866297646025,0.012305061420304,-0.1126877564637393,0.9104095189206358,-0.0256750019447727,0.0229017424155675
M1_baseline_liquidity,fixed_effects_driscoll_kraay,ln_gdppc,0.2059099657592671,1.5284322966125072,0.1347197165459204,0.8929910021279697,-2.810989438827322,3.222809370345857
M1_baseline_liquidity,fixed_effects_driscoll_kraay,xr_dep_pct,0.0153086110744702,0.0271993932711373,0.5628291382041604,0.5742841228223883,-0.0383789703425653,0.0689961924915057
M1_baseline_liquidity,random_effects,Intercept,-22.068256358581564,11.345198844504118,-1.9451625891309916,0.0531365152112524,-44.43779875983189,0.3012860426687638
M1_baseline_liquidity,random_effects,broad_money_growth_pct,0.0623666608004896,0.0107647198215681,5.793616725214917,2.5964602246020263e-08,0.0411416598298986,0.0835916617710807
M1_baseline_liquidity,random_effects,inflation_gdp_deflator_pct,-0.0136494536365098,0.0222422933589232,-0.6136711451579643,0.5401196927031959,-0.0575050026853047,0.0302060954122851
M1_baseline_liquidity,random_effects,trade_pct_gdp,0.0265174851696305,0.0056382166471213,4.703168897060602,4.728031354650497e-06,0.0154005071347929,0.0376344632044681
M1_baseline_liquidity,random_effects,ln_gdppc,0.9135163605955132,0.4943850591369274,1.847783106937504,0.0660886424014066,-0.0612719789024295,1.8883047000934563
M1_baseline_liquidity,random_effects,xr_dep_pct,-0.0117414129526908,0.0291824857412156,-0.4023445109101167,0.687853836760902,-0.0692810701335993,0.0457982442282176
M2_main_monetary_policy,pooled_ols,Intercept,-6.652140046233428,7.339154139928499,-0.906390562100694,0.3647291664496943,-21.036617837481323,7.732337745014466
M2_main_monetary_policy,pooled_ols,broad_money_growth_pct,0.1072492230784226,0.0219775592395799,4.87994239529906,1.061168310374552e-06,0.0641739985007504,0.1503244476560948
M2_main_monetary_policy,pooled_ols,deposit_interest_rate_pct,-0.1907214097165327,0.1736381382072819,-1.0983843278073937,0.2720367029145468,-0.5310459069453937,0.1496030875123282
M2_main_monetary_policy,pooled_ols,inflation_gdp_deflator_pct,0.0174315713607789,0.044378864192232,0.3927899390410744,0.6944746361641967,-0.06954940413079,0.1044125468523478
M2_main_monetary_policy,pooled_ols,trade_pct_gdp,0.0541138995734234,0.0061732049156584,8.76593281978413,1.8523645784605924e-18,0.0420146402695471,0.0662131588772996
M2_main_monetary_policy,pooled_ols,ln_gdppc,0.1453620325774759,0.3050044948753757,0.4765898044777032,0.6336542449116137,-0.4524357925010919,0.7431598576560438
M2_main_monetary_policy,pooled_ols,xr_dep_pct,0.025678510795396,0.0466605610496468,0.5503258044427323,0.582095928337947,-0.0657745083603441,0.1171315299511362
M2_main_monetary_policy,fixed_effects,Intercept,-40.8370403124313,35.313243648712834,-1.156422806091329,0.2494099835941634,-110.63223840910976,28.958157784247163
M2_main_monetary_policy,fixed_effects,broad_money_growth_pct,0.0276420545221008,0.0177575671766401,1.5566352218823931,0.1217370784534188,-0.0074550589330618,0.0627391679772634
M2_main_monetary_policy,fixed_effects,deposit_interest_rate_pct,0.1346382553711639,0.0838271332272149,1.6061417131637377,0.1104183754924068,-0.0310426837029045,0.3003191944452324
M2_main_monetary_policy,fixed_effects,inflation_gdp_deflator_pct,-0.0016102197557767,0.0290664497419338,-0.0553978820968192,0.955897742081384,-0.0590588822996766,0.0558384427881231
M2_main_monetary_policy,fixed_effects,trade_pct_gdp,-0.0133240991658226,0.0177587556461037,-0.7502833774699686,0.4542997814004028,-0.0484235615828214,0.0217753632511762
M2_main_monetary_policy,fixed_effects,ln_gdppc,1.8573875664725337,1.3813813631696252,1.3445871038904829,0.1808582039022641,-0.8728568383910791,4.587631971336147
M2_main_monetary_policy,fixed_effects,xr_dep_pct,0.0203577828460934,0.0363659728797654,0.5598030585734941,0.5764775406775238,-0.0515180920061501,0.092233657698337
M2_main_monetary_policy,fixed_effects_driscoll_kraay,Intercept,-40.8370403124313,17.69803666070153,-2.3074333664993416,0.0224459439524149,-75.81649411009923,-5.857586514763369
M2_main_monetary_policy,fixed_effects_driscoll_kraay,broad_money_growth_pct,0.0276420545221008,0.0202772514066034,1.3632051981709372,0.1749308564879272,-0.0124351129241591,0.0677192219683608
M2_main_monetary_policy,fixed_effects_driscoll_kraay,deposit_interest_rate_pct,0.1346382553711639,0.1358903534216051,0.9907859681065332,0.3234405838581033,-0.1339435331169713,0.4032200438592992
M2_main_monetary_policy,fixed_effects_driscoll_kraay,inflation_gdp_deflator_pct,-0.0016102197557767,0.0411883332085416,-0.0390940742278652,0.96886915991975,-0.083017294794236,0.0797968552826825
M2_main_monetary_policy,fixed_effects_driscoll_kraay,trade_pct_gdp,-0.0133240991658226,0.0169243743388243,-0.7872727758837866,0.4324071538712948,-0.0467744406691765,0.0201262423375313
M2_main_monetary_policy,fixed_effects_driscoll_kraay,ln_gdppc,1.8573875664725337,0.7078076554458308,2.6241416749054665,0.0096167878706738,0.4584343573699772,3.25634077557509
M2_main_monetary_policy,fixed_effects_driscoll_kraay,xr_dep_pct,0.0203577828460934,0.0299008077180503,0.6808439102400559,0.4970560621661501,-0.0387399544983514,0.0794555201905383
M2_main_monetary_policy,random_effects,Intercept,-34.5777846802935,13.394047459844051,-2.581578479840334,0.010653771262981,-61.01244366299008,-8.143125697596911
M2_main_monetary_policy,random_effects,broad_money_growth_pct,0.0603706268430908,0.0163038772728755,3.702838645843356,0.0002855354197026,0.0281930914792419,0.0925481622069398
M2_main_monetary_policy,random_effects,deposit_interest_rate_pct,-0.0152387020103008,0.0802549152726749,-0.1898787377511479,0.849624219254506,-0.1736308029251852,0.1431533989045835
M2_main_monetary_policy,random_effects,inflation_gdp_deflator_pct,0.0251098818384315,0.0375447470346492,0.6687988020070585,0.5045051005252499,-0.0489888987899087,0.0992086624667717
M2_main_monetary_policy,random_effects,trade_pct_gdp,0.0111508526998574,0.0050179444120329,2.222195342203848,0.0275517063181556,0.0012473750748973,0.0210543303248175
M2_main_monetary_policy,random_effects,ln_gdppc,1.486966207766951,0.5988236081005296,2.483145600227106,0.013964456209025,0.3051204723099443,2.6688119432239574
M2_main_monetary_policy,random_effects,xr_dep_pct,-0.013556601810196,0.0268811526345443,-0.5043162395043589,0.6146735379698485,-0.06660957964131,0.0394963760209179
M3_lagged_main_model,pooled_ols,Intercept,-4.175223283808505,7.957807963570568,-0.5246700225642458,0.5998126000723871,-19.77224028829285,11.42179372067584
M3_lagged_main_model,pooled_ols,broad_money_growth_pct_lag1,0.102026244486812,0.0208437225224513,4.894818781861862,9.839635679385012e-07,0.0611732990390609,0.142879189934563
M3_lagged_main_model,pooled_ols,deposit_interest_rate_pct_lag1,-0.1498978745235329,0.1805399444264631,-0.8302753997168133,0.4063830934921441,-0.5037496633702634,0.2039539143231976
M3_lagged_main_model,pooled_ols,inflation_gdp_deflator_pct_lag1,-0.0312445174648778,0.0223891393080267,-1.3955211513502148,0.1628587410435932,-0.0751264241534602,0.0126373892237046
M3_lagged_main_model,pooled_ols,trade_pct_gdp_lag1,0.0559784369240777,0.0062164661101306,9.004864811030314,2.1593168390701392e-19,0.0437943872371079,0.0681624866110476
M3_lagged_main_model,pooled_ols,ln_gdppc_lag1,0.0487247026830798,0.3298430330669347,0.1477208787162473,0.8825630535777399,-0.5977557626795663,0.695205168045726
M3_lagged_main_model,pooled_ols,xr_dep_pct_lag1,0.0459728464295048,0.0655861916123508,0.7009531320438419,0.4833322646019543,-0.0825737270138457,0.1745194198728554
M3_lagged_main_model,fixed_effects,Intercept,-22.457727029853217,29.700814515498536,-0.7561316885142757,0.4508316805779273,-81.1742024832346,36.25874842352816
M3_lagged_main_model,fixed_effects,broad_money_growth_pct_lag1,0.0444915534984716,0.0401534844566837,1.1080371753656308,0.2697322899744248,-0.0348891343018012,0.1238722412987444
M3_lagged_main_model,fixed_effects,deposit_interest_rate_pct_lag1,0.0981990206491003,0.1505190043298921,0.6524028051227196,0.5152035435772799,-0.1993667386465472,0.395764779944748
M3_lagged_main_model,fixed_effects,inflation_gdp_deflator_pct_lag1,-0.0251060608413715,0.0262410906344654,-0.9567460892192072,0.3403329692106434,-0.0769828992124045,0.0267707775296613
M3_lagged_main_model,fixed_effects,trade_pct_gdp_lag1,-0.0177168611832249,0.0207835599323767,-0.8524459351944559,0.3954122680076715,-0.0588045352591827,0.0233708128927328
M3_lagged_main_model,fixed_effects,ln_gdppc_lag1,1.1651589448320812,1.1524515110185,1.0110264368540338,0.3137355960857433,-1.113158736409268,3.44347662607343
M3_lagged_main_model,fixed_effects,xr_dep_pct_lag1,0.0240435275548325,0.0298487033876756,0.8055132996081832,0.4218798639255032,-0.0349653140667723,0.0830523691764374
M3_lagged_main_model,fixed_effects_driscoll_kraay,Intercept,-22.457727029853217,22.131708020341655,-1.01473085625438,0.3119722152271837,-66.21059751223305,21.295143452526624
M3_lagged_main_model,fixed_effects_driscoll_kraay,broad_money_growth_pct_lag1,0.0444915534984716,0.0309538418264815,1.437351581360356,0.1528335952518555,-0.0167020711020942,0.1056851780990374
M3_lagged_main_model,fixed_effects_driscoll_kraay,deposit_interest_rate_pct_lag1,0.0981990206491003,0.1570948469351002,0.62509383703508,0.5329198002927069,-0.2123667289569989,0.4087647702551996
M3_lagged_main_model,fixed_effects_driscoll_kraay,inflation_gdp_deflator_pct_lag1,-0.0251060608413715,0.0442836647008016,-0.566937289652929,0.5716582145822429,-0.1126518320199216,0.0624397103371784
M3_lagged_main_model,fixed_effects_driscoll_kraay,trade_pct_gdp_lag1,-0.0177168611832249,0.0204553898813932,-0.8661219016578418,0.3878947123269745,-0.0581557655517711,0.0227220431853212
M3_lagged_main_model,fixed_effects_driscoll_kraay,ln_gdppc_lag1,1.1651589448320812,0.8713456512297293,1.337194881488986,0.1833122666546707,-0.5574317105569613,2.887749600221124
M3_lagged_main_model,fixed_effects_driscoll_kraay,xr_dep_pct_lag1,0.0240435275548325,0.0320263430812823,0.7507422091186134,0.4540588684855713,-0.0392703585479345,0.0873574136575996
M3_lagged_main_model,random_effects,Intercept,-25.6387067366598,14.13744793773891,-1.8135314697229832,0.0715134922607603,-53.54626516894607,2.2688516956264664
M3_lagged_main_model,random_effects,broad_money_growth_pct_lag1,0.0489669349738802,0.0276764440192324,1.7692639610729255,0.0786428420157394,-0.0056668279277542,0.1036006978755146
M3_lagged_main_model,random_effects,deposit_interest_rate_pct_lag1,-0.0639545279661543,0.0783379191056905,-0.8163929894521359,0.4154179126590547,-0.2185948891214245,0.0906858331891158
M3_lagged_main_model,random_effects,inflation_gdp_deflator_pct_lag1,-0.0153482531276373,0.014067614567926,-1.0910345214199388,0.2768016302185059,-0.0431179593211632,0.0124214530658885
M3_lagged_main_model,random_effects,trade_pct_gdp_lag1,0.0087656400370808,0.0052258697456507,1.6773552468230146,0.0953107102638055,-0.0015503141527097,0.0190815942268715
M3_lagged_main_model,random_effects,ln_gdppc_lag1,1.1705239771536258,0.6360814870666882,1.8402107292126009,0.0674808902290995,-0.0851115057274696,2.426159460034721
M3_lagged_main_model,random_effects,xr_dep_pct_lag1,0.0036845760534393,0.0407518291863424,0.090414985707541,0.9280638895405816,-0.0767602156267126,0.0841293677335912
M4_real_interest_robustness,pooled_ols,Intercept,-13.071698828771964,7.432988351146942,-1.7586061233036838,0.0786444322162981,-27.640088294525732,1.4966906369818016
M4_real_interest_robustness,pooled_ols,broad_money_growth_pct,0.0517029570194221,0.0372729394423948,1.387144609276895,0.1653976716728223,-0.0213506618856141,0.1247565759244584
M4_real_interest_robustness,pooled_ols,real_interest_rate_pct,0.0680381370558626,0.1398629012861003,0.486463075127302,0.626638879216409,-0.2060881122381747,0.3421643863499
M4_real_interest_robustness,pooled_ols,inflation_gdp_deflator_pct,0.0470796732531289,0.1389292526368787,0.3388751638661851,0.7347037749620716,-0.2252166583142196,0.3193760048204774
M4_real_interest_robustness,pooled_ols,trade_pct_gdp,0.0573957049497878,0.0070348512086761,8.158766013274205,3.3846460000844894e-16,0.0436076499441845,0.0711837599553911
M4_real_interest_robustness,pooled_ols,ln_gdppc,0.3455303774046945,0.2619056791094258,1.3192931843999065,0.1870711154999235,-0.1677953209962845,0.8588560758056736
M4_real_interest_robustness,pooled_ols,xr_dep_pct,0.0032008016353843,0.0395553782798648,0.0809195051236224,0.935505967986894,-0.0743263151880085,0.0807279184587772
M4_real_interest_robustness,fixed_effects,Intercept,28.588057506609463,31.918773704437655,0.8956502455680144,0.3720105785180174,-34.52912187465922,91.70523688787816
M4_real_interest_robustness,fixed_effects,broad_money_growth_pct,0.042759695393942,0.0308507877564549,1.3860163225490203,0.1679937606254209,-0.0182456152394954,0.1037650060273795
M4_real_interest_robustness,fixed_effects,real_interest_rate_pct,-0.3009199436759303,0.2184859014457353,-1.3772968492919846,0.1706665643140139,-0.7329607846406765,0.1311208972888157
M4_real_interest_robustness,fixed_effects,inflation_gdp_deflator_pct,-0.2770271496393249,0.2054890684100822,-1.3481357027055003,0.1798395111956314,-0.6833676472984114,0.1293133480197614
M4_real_interest_robustness,fixed_effects,trade_pct_gdp,-0.0119792870602882,0.018355215848531,-0.6526366760893728,0.5150841539054272,-0.0482754637875468,0.0243168896669702
M4_real_interest_robustness,fixed_effects,ln_gdppc,-0.8046480012500954,1.2062877857677348,-0.66704480534716,0.5058654414108839,-3.189999119834898,1.5807031173347066
M4_real_interest_robustness,fixed_effects,xr_dep_pct,0.0431550155586567,0.0538545955290901,0.8013246619844376,0.4243313296445101,-0.0633387425659754,0.1496487736832889
M4_real_interest_robustness,fixed_effects_driscoll_kraay,Intercept,28.588057506609463,35.14812370293273,0.813359419928982,0.4174233321467255,-40.91493935710139,98.09105437032034
M4_real_interest_robustness,fixed_effects_driscoll_kraay,broad_money_growth_pct,0.042759695393942,0.0332214971061173,1.2871092250104614,0.2002265843326867,-0.0229335299027925,0.1084529206906766
M4_real_interest_robustness,fixed_effects_driscoll_kraay,real_interest_rate_pct,-0.3009199436759303,0.2290021756865454,-1.3140484048842611,0.1910259059199373,-0.7537559935614861,0.1519161062096254
M4_real_interest_robustness,fixed_effects_driscoll_kraay,inflation_gdp_deflator_pct,-0.2770271496393249,0.1924558675192927,-1.439432079728899,0.1523091285350555,-0.6575953890608804,0.1035410897822305
M4_real_interest_robustness,fixed_effects_driscoll_kraay,trade_pct_gdp,-0.0119792870602882,0.0182100085717059,-0.6578408249022623,0.5117442512964363,-0.0479883263861007,0.0240297522655241
M4_real_interest_robustness,fixed_effects_driscoll_kraay,ln_gdppc,-0.8046480012500954,1.3324486691178905,-0.6038866786386523,0.5469176298517748,-3.439473588341938,1.830177585841747
M4_real_interest_robustness,fixed_effects_driscoll_kraay,xr_dep_pct,0.0431550155586567,0.0432446206862198,0.9979279474269592,0.3200736292655461,-0.0423582471500412,0.1286682782673547
M4_real_interest_robustness,random_effects,Intercept,-7.461829354254681,16.15240404775998,-0.4619640105702711,0.6447083678412358,-39.35105155183801,24.427392843328647
M4_real_interest_robustness,random_effects,broad_money_growth_pct,0.0791468511789246,0.0139135856485105,5.68845825787527,5.619284570990146e-08,0.0516776631250268,0.1066160392328225
M4_real_interest_robustness,random_effects,real_interest_rate_pct,-0.2392450281168921,0.2052023838728341,-1.1658978984627906,0.2453181443229275,-0.6443701349087871,0.1658800786750028
M4_real_interest_robustness,random_effects,inflation_gdp_deflator_pct,-0.224438814033138,0.2039013194738055,-1.1007227153425605,0.2726013959274795,-0.626995267168815,0.1781176391025389
M4_real_interest_robustness,random_effects,trade_pct_gdp,0.0257693928534693,0.0059428755542351,4.336182479053395,2.5000500652350155e-05,0.0140365462455445,0.0375022394613941
M4_real_interest_robustness,random_effects,ln_gdppc,0.3963669949001271,0.6095059563584296,0.6503086487755949,0.5163864992615284,-0.8069629128704734,1.5996969026707275
M4_real_interest_robustness,random_effects,xr_dep_pct,0.0100414788404068,0.0355843204444731,0.2821882985253557,0.7781485427547994,-0.0602116115384942,0.080294569219308
M5_lending_rate_robustness,pooled_ols,Intercept,-14.197246328388369,8.780484372104981,-1.616909241760293,0.1058978732126401,-31.40667946453092,3.012186807754187
M5_lending_rate_robustness,pooled_ols,broad_money_growth_pct,0.018739109932951,0.0265107159356752,0.7068503913066321,0.4796594555355534,-0.0332209385053445,0.0706991583712466
M5_lending_rate_robustness,pooled_ols,lending_interest_rate_pct,0.1664555346658479,0.0638901922893846,2.605337825748013,0.0091783712733057,0.0412330588133153,0.2916780105183806
M5_lending_rate_robustness,pooled_ols,inflation_gdp_deflator_pct,-0.0112086561065981,0.0216097219465057,-0.5186858088384882,0.6039798594397328,-0.0535629328376741,0.0311456206244778
M5_lending_rate_robustness,pooled_ols,trade_pct_gdp,0.0588372207034739,0.0065034901810987,9.04702230111358,1.4692003283444372e-19,0.0460906141747104,0.0715838272322374
M5_lending_rate_robustness,pooled_ols,ln_gdppc,0.3643055375063476,0.3144701491076151,1.1584741462429815,0.2466705963158136,-0.2520446289575186,0.9806557039702136
M5_lending_rate_robustness,pooled_ols,xr_dep_pct,-0.0053512189216127,0.0354526417741536,-0.1509399202378774,0.8800231094285635,-0.0748371199557542,0.0641346821125286
M5_lending_rate_robustness,fixed_effects,Intercept,-41.40678764362565,30.874821317544058,-1.3411182924027805,0.1823138370733596,-102.51189088658234,19.69831559933105
M5_lending_rate_robustness,fixed_effects,broad_money_growth_pct,0.0599145217100569,0.020011460622529,2.994010424336775,0.0033196230320728,0.0203093575277085,0.0995196858924054
M5_lending_rate_robustness,fixed_effects,lending_interest_rate_pct,0.1787004482126555,0.1643666792545369,1.0872060506614083,0.279037726355386,-0.1466016094819524,0.5040025059072635
M5_lending_rate_robustness,fixed_effects,inflation_gdp_deflator_pct,-0.0121304546225029,0.0266859136231343,-0.4545639618643934,0.6502113712756072,-0.0649451896554037,0.0406842804103979
M5_lending_rate_robustness,fixed_effects,trade_pct_gdp,-0.0167244363116954,0.0164518697959141,-1.016567509903889,0.3113227995021397,-0.0492847284694925,0.0158358558461016
M5_lending_rate_robustness,fixed_effects,ln_gdppc,1.8139449266350067,1.213248425038825,1.4951141820579403,0.1374049834786652,-0.5872242820504452,4.215114135320459
M5_lending_rate_robustness,fixed_effects,xr_dep_pct,0.0245678985111246,0.0422254374827579,0.5818269738746114,0.5617310733439518,-0.0590014828409478,0.1081372798631971
M5_lending_rate_robustness,fixed_effects_driscoll_kraay,Intercept,-41.40678764362565,12.768534092572324,-3.2428771653366764,0.0015175419178068,-66.6773013079265,-16.136273979324802
M5_lending_rate_robustness,fixed_effects_driscoll_kraay,broad_money_growth_pct,0.0599145217100569,0.0252287822162886,2.374847949314568,0.0190771363388722,0.0099836305750077,0.1098454128451062
M5_lending_rate_robustness,fixed_effects_driscoll_kraay,lending_interest_rate_pct,0.1787004482126555,0.1119772317120732,1.595864136667957,0.1130443086837997,-0.042916390772536,0.4003172871978471
M5_lending_rate_robustness,fixed_effects_driscoll_kraay,inflation_gdp_deflator_pct,-0.0121304546225029,0.0386663198069839,-0.3137214682715143,0.7542555176506525,-0.0886559003742607,0.0643949911292549
M5_lending_rate_robustness,fixed_effects_driscoll_kraay,trade_pct_gdp,-0.0167244363116954,0.016675745513888,-1.0029198573321252,0.3178370450306143,-0.0497278063004438,0.0162789336770529
M5_lending_rate_robustness,fixed_effects_driscoll_kraay,ln_gdppc,1.8139449266350067,0.541923717651006,3.347232954663134,0.0010786493864483,0.74141063157643,2.8864792216935835
M5_lending_rate_robustness,fixed_effects_driscoll_kraay,xr_dep_pct,0.0245678985111246,0.0410405676769593,0.5986247243094874,0.5505064094166126,-0.0566564784417922,0.1057922754640414
M5_lending_rate_robustness,random_effects,Intercept,-31.48298754938694,18.17961107015467,-1.7317745373041735,0.0853161584259469,-67.39659212166764,4.430617022893756
M5_lending_rate_robustness,random_effects,broad_money_growth_pct,0.0724793087187965,0.0160985315513419,4.502231056767076,1.3198641652278909e-05,0.0406768518841487,0.1042817655534444
M5_lending_rate_robustness,random_effects,lending_interest_rate_pct,0.0726127221431834,0.0846611362270784,0.8576866007139494,0.3923983732993852,-0.0946343414692402,0.2398597857556071
M5_lending_rate_robustness,random_effects,inflation_gdp_deflator_pct,0.0140357869249349,0.0306681179625266,0.4576670450428425,0.6478367181302627,-0.0465487138782976,0.0746202877281674
M5_lending_rate_robustness,random_effects,trade_pct_gdp,0.0116649138173683,0.0046560619871199,2.5053175515353665,0.0132741251697563,0.0024669189634535,0.020862908671283
M5_lending_rate_robustness,random_effects,ln_gdppc,1.3067443827682403,0.7438894740492941,1.7566378183241351,0.0809671391729418,-0.1628003898560348,2.7762891553925155
M5_lending_rate_robustness,random_effects,xr_dep_pct,-0.007592893616213,0.0269318467831174,-0.2819299276933628,0.7783757531004993,-0.0607964353222292,0.0456106480898031
M6_tourism_robustnessa_from_M4_real_interest_robustness,pooled_ols,Intercept,-11.77834988521714,7.063059102529351,-1.6675989417955168,0.0953953684718465,-25.621691346852465,2.064991576418187
M6_tourism_robustnessa_from_M4_real_interest_robustness,pooled_ols,broad_money_growth_pct,0.0199354457471254,0.0255095834403729,0.7814884862280579,0.434515245937085,-0.030062419056625,0.0699333105508758
M6_tourism_robustnessa_from_M4_real_interest_robustness,pooled_ols,real_interest_rate_pct,0.1675007202634426,0.0675914234203367,2.4781357128964605,0.0132070899550349,0.0350239646957855,0.2999774758310997
M6_tourism_robustnessa_from_M4_real_interest_robustness,pooled_ols,inflation_gdp_deflator_pct,0.1378871657632687,0.0706122764951855,1.952736444811691,0.0508508328476984,-0.0005103530336791,0.2762846845602166
M6_tourism_robustnessa_from_M4_real_interest_robustness,pooled_ols,trade_pct_gdp,0.0611824035734615,0.0052971711058862,11.550014592784398,7.380790412676771e-31,0.0508001389859783,0.0715646681609447
M6_tourism_robustnessa_from_M4_real_interest_robustness,pooled_ols,ln_gdppc,0.8412387649286996,0.383477431917765,2.1937112719298155,0.0282561729705862,0.0896368094859695,1.59284072037143
M6_tourism_robustnessa_from_M4_real_interest_robustness,pooled_ols,xr_dep_pct,-0.0096601048058728,0.0367304385533333,-0.2629999854710735,0.7925505903132658,-0.0816504415067676,0.0623302318950219
M6_tourism_robustnessa_from_M4_real_interest_robustness,pooled_ols,ln_tourism_arrivals,-0.952850370231798,0.4695870289125074,-2.029124127296394,0.0424456490060021,-1.8732240345074815,-0.0324767059561144
M6_tourism_robustnessa_from_M4_real_interest_robustness,fixed_effects,Intercept,-28.30325972224423,33.96146511926898,-0.8333933657704771,0.40622534327719,-95.52251236272777,38.9159929182393
M6_tourism_robustnessa_from_M4_real_interest_robustness,fixed_effects,broad_money_growth_pct,0.0516502385061409,0.018930456727342,2.7284200930841913,0.007288617159127,0.0141815619079406,0.0891189151043411
M6_tourism_robustnessa_from_M4_real_interest_robustness,fixed_effects,real_interest_rate_pct,0.083025823120807,0.1172240453164563,0.7082661487809239,0.4801092795331541,-0.1489933989590906,0.3150450452007047
M6_tourism_robustnessa_from_M4_real_interest_robustness,fixed_effects,inflation_gdp_deflator_pct,0.0786613090339079,0.1255139823813804,0.6267135146337052,0.5319991699228699,-0.1697660206462911,0.3270886387141068
M6_tourism_robustnessa_from_M4_real_interest_robustness,fixed_effects,trade_pct_gdp,-0.0143244535204133,0.0162480137776552,-0.88161259071018,0.3796920619652777,-0.0464838241244391,0.0178349170836124
M6_tourism_robustnessa_from_M4_real_interest_robustness,fixed_effects,ln_gdppc,1.4815338938911495,1.192193039460289,1.2426963124712138,0.2163245906806794,-0.8781500842372976,3.841217872019597
M6_tourism_robustnessa_from_M4_real_interest_robustness,fixed_effects,xr_dep_pct,0.024649550072398,0.0431740611624475,0.5709342463673075,0.5690774778105372,-0.0608040107384294,0.1101031108832255
M6_tourism_robustnessa_from_M4_real_interest_robustness,fixed_effects,ln_tourism_arrivals,-0.2597365587741399,0.5046192151171347,-0.514717931844606,0.6076663886319316,-1.2585193376995305,0.7390462201512503
M6_tourism_robustnessa_from_M4_real_interest_robustness,fixed_effects_driscoll_kraay,Intercept,-28.30325972224423,18.112015563639854,-1.5626786330210232,0.1206767833748112,-64.15201199853836,7.54549255404989
M6_tourism_robustnessa_from_M4_real_interest_robustness,fixed_effects_driscoll_kraay,broad_money_growth_pct,0.0516502385061409,0.0278178869731853,1.856727599617051,0.0657230661457544,-0.0034091520651458,0.1067096290774277
M6_tourism_robustnessa_from_M4_real_interest_robustness,fixed_effects_driscoll_kraay,real_interest_rate_pct,0.083025823120807,0.0891813217500781,0.9309777147447836,0.3536740853314881,-0.0934889937894178,0.2595406400310319
M6_tourism_robustnessa_from_M4_real_interest_robustness,fixed_effects_driscoll_kraay,inflation_gdp_deflator_pct,0.0786613090339079,0.1019053714358458,0.7719054248620135,0.4416390582745224,-0.1230379664217289,0.2803605844895447
M6_tourism_robustnessa_from_M4_real_interest_robustness,fixed_effects_driscoll_kraay,trade_pct_gdp,-0.0143244535204133,0.0187218495520661,-0.7651195722183612,0.4456541138762946,-0.051380238084414,0.0227313310435873
M6_tourism_robustnessa_from_M4_real_interest_robustness,fixed_effects_driscoll_kraay,ln_gdppc,1.4815338938911495,0.5089751796187569,2.9108175667836664,0.0042750478634541,0.4741294410391714,2.4889383467431276
M6_tourism_robustnessa_from_M4_real_interest_robustness,fixed_effects_driscoll_kraay,xr_dep_pct,0.024649550072398,0.0426320359827718,0.5781931241181925,0.5641823295797903,-0.0597311910776117,0.1090302912224078
M6_tourism_robustnessa_from_M4_real_interest_robustness,fixed_effects_driscoll_kraay,ln_tourism_arrivals,-0.2597365587741399,0.6847778183845578,-0.3793004852097545,0.7051134951676965,-1.615103678977508,1.0956305614292283
M6_tourism_robustnessa_from_M4_real_interest_robustness,random_effects,Intercept,,,,,,
M6_tourism_robustnessa_from_M4_real_interest_robustness,random_effects,broad_money_growth_pct,,,,,,
M6_tourism_robustnessa_from_M4_real_interest_robustness,random_effects,real_interest_rate_pct,,,,,,
M6_tourism_robustnessa_from_M4_real_interest_robustness,random_effects,inflation_gdp_deflator_pct,,,,,,
M6_tourism_robustnessa_from_M4_real_interest_robustness,random_effects,trade_pct_gdp,,,,,,
M6_tourism_robustnessa_from_M4_real_interest_robustness,random_effects,ln_gdppc,,,,,,
M6_tourism_robustnessa_from_M4_real_interest_robustness,random_effects,xr_dep_pct,,,,,,
M6_tourism_robustnessa_from_M4_real_interest_robustness,random_effects,ln_tourism_arrivals,,,,,,
M6_tourism_robustnessb_from_M2_main_monetary_policy,pooled_ols,Intercept,-4.277625589513395,6.700925702907841,-0.6383633812947868,0.5232371623075427,-17.41119863029151,8.85594745126472
M6_tourism_robustnessb_from_M2_main_monetary_policy,pooled_ols,broad_money_growth_pct,0.1094316317459835,0.023818459387922,4.594404279626693,4.3398728034254065e-06,0.0627483091784264,0.1561149543135406
M6_tourism_robustnessb_from_M2_main_monetary_policy,pooled_ols,deposit_interest_rate_pct,-0.2277952414113231,0.1668599753847884,-1.3651880319771983,0.172193958947018,-0.5548347836267485,0.0992443008041021
M6_tourism_robustnessb_from_M2_main_monetary_policy,pooled_ols,inflation_gdp_deflator_pct,0.0089870022796169,0.0481163696774822,0.1867763993804116,0.8518359518376818,-0.0853193493550633,0.1032933539142972
M6_tourism_robustnessb_from_M2_main_monetary_policy,pooled_ols,trade_pct_gdp,0.0558926798241076,0.0051170393101122,10.922855275638277,8.963289704265442e-28,0.0458634670688119,0.0659218925794032
M6_tourism_robustnessb_from_M2_main_monetary_policy,pooled_ols,ln_gdppc,0.5929224559032854,0.3830906563088966,1.547734057562593,0.121686338719442,-0.157921433275964,1.343766345082535
M6_tourism_robustnessb_from_M2_main_monetary_policy,pooled_ols,xr_dep_pct,0.0280134302949438,0.0478397849214727,0.5855676471147778,0.5581660949851486,-0.0657508251792851,0.1217776857691728
M6_tourism_robustnessb_from_M2_main_monetary_policy,pooled_ols,ln_tourism_arrivals,-0.8903423271245852,0.6531471609803244,-1.3631573101967538,0.1728329380957365,-2.170487239250606,0.3898025850014357
M6_tourism_robustnessb_from_M2_main_monetary_policy,fixed_effects,Intercept,-45.32075141657838,39.69808633949712,-1.141635670520648,0.255500362381349,-123.78699903593986,33.145496202783086
M6_tourism_robustnessb_from_M2_main_monetary_policy,fixed_effects,broad_money_growth_pct,0.0275862188978112,0.0182355197545261,1.5127739307218877,0.1325287167311692,-0.0084576547612266,0.063630092556849
M6_tourism_robustnessb_from_M2_main_monetary_policy,fixed_effects,deposit_interest_rate_pct,0.1349842816666508,0.0840036769861451,1.6068853948966308,0.1102700719661837,-0.031055291701238,0.3010238550345396
M6_tourism_robustnessb_from_M2_main_monetary_policy,fixed_effects,inflation_gdp_deflator_pct,-0.0010000489571642,0.0289361441420179,-0.0345605465695787,0.9724780223894758,-0.058194509969208,0.0561944120548795
M6_tourism_robustnessb_from_M2_main_monetary_policy,fixed_effects,trade_pct_gdp,-0.0153684519621825,0.0161495158393945,-0.9516354617079776,0.3428764538087998,-0.0472891822953713,0.0165522783710062
M6_tourism_robustnessb_from_M2_main_monetary_policy,fixed_effects,ln_gdppc,1.8628451673793416,1.3778479190403623,1.3519962120904954,0.1784961932454181,-0.860574673885796,4.58626500864448
M6_tourism_robustnessb_from_M2_main_monetary_policy,fixed_effects,xr_dep_pct,0.0202048318598746,0.0357612382179355,0.5649925133112764,0.5729580007239843,-0.0504799399244936,0.090889603644243
M6_tourism_robustnessb_from_M2_main_monetary_policy,fixed_effects,ln_tourism_arrivals,0.297552582450391,0.7931236539620364,0.3751654372732069,0.7080894365184935,-1.270115856081859,1.8652210209826412
M6_tourism_robustnessb_from_M2_main_monetary_policy,fixed_effects_driscoll_kraay,Intercept,-45.32075141657838,21.089202123972143,-2.149002657860734,0.0333058357154605,-87.00514249282904,-3.6363603403277263
M6_tourism_robustnessb_from_M2_main_monetary_policy,fixed_effects_driscoll_kraay,broad_money_growth_pct,0.0275862188978112,0.0200419352788795,1.3764249067744458,0.170826638024039,-0.0120281706451709,0.0672006084407933
M6_tourism_robustnessb_from_M2_main_monetary_policy,fixed_effects_driscoll_kraay,deposit_interest_rate_pct,0.1349842816666508,0.1388923661972051,0.9718624958480044,0.3327486085590379,-0.1395469061912823,0.4095154695245839
M6_tourism_robustnessb_from_M2_main_monetary_policy,fixed_effects_driscoll_kraay,inflation_gdp_deflator_pct,-0.0010000489571642,0.0422296078478052,-0.0236812276535555,0.9811396640445244,-0.0844700388684309,0.0824699409541024
M6_tourism_robustnessb_from_M2_main_monetary_policy,fixed_effects_driscoll_kraay,trade_pct_gdp,-0.0153684519621825,0.0176172195081774,-0.8723540031415822,0.3844675248047771,-0.0501902087710979,0.0194533048467328
M6_tourism_robustnessb_from_M2_main_monetary_policy,fixed_effects_driscoll_kraay,ln_gdppc,1.8628451673793416,0.7089437994817289,2.62763447362283,0.0095297026149143,0.4615645302571003,3.2641258045015835
M6_tourism_robustnessb_from_M2_main_monetary_policy,fixed_effects_driscoll_kraay,xr_dep_pct,0.0202048318598746,0.0290902383992481,0.6945571082152724,0.488452000445559,-0.0372942080187961,0.0777038717385455
M6_tourism_robustnessb_from_M2_main_monetary_policy,fixed_effects_driscoll_kraay,ln_tourism_arrivals,0.297552582450391,0.6523000459105078,0.4561590702251977,0.6489628122763111,-0.9917674237286052,1.5868725886293873
M6_tourism_robustnessb_from_M2_main_monetary_policy,random_effects,Intercept,-34.02127235328267,13.603859098089796,-2.500854508119671,0.0133139002459434,-60.87109260276746,-7.171452103797879
M6_tourism_robustnessb_from_M2_main_monetary_policy,random_effects,broad_money_growth_pct,0.0567922638010113,0.0176215359275579,3.2228895389416814,0.0015152405778129,0.0220127891855176,0.0915717384165051
M6_tourism_robustnessb_from_M2_main_monetary_policy,random_effects,deposit_interest_rate_pct,-0.0527073925878425,0.0932598722926432,-0.5651668964595007,0.5726882246211682,-0.2367736042041465,0.1313588190284613
M6_tourism_robustnessb_from_M2_main_monetary_policy,random_effects,inflation_gdp_deflator_pct,0.0323029150277796,0.0362686449790196,0.8906567931188495,0.3743431835780733,-0.0392801990986959,0.1038860291542553
M6_tourism_robustnessb_from_M2_main_monetary_policy,random_effects,trade_pct_gdp,0.0131779259087364,0.0050302892428682,2.619715342893995,0.0095778610730514,0.0032496870906136,0.0231061647268593
M6_tourism_robustnessb_from_M2_main_monetary_policy,random_effects,ln_gdppc,1.134471459886187,0.5088129173068687,2.2296435905969325,0.0270504818823185,0.1302317605626548,2.138711159209719
M6_tourism_robustnessb_from_M2_main_monetary_policy,random_effects,xr_dep_pct,-0.0130815467234982,0.0274502299235639,-0.4765550875138119,0.634276873802444,-0.0672598305428457,0.0410967370958491
M6_tourism_robustnessb_from_M2_main_monetary_policy,random_effects,ln_tourism_arrivals,0.5296388173589637,0.3424138633642903,1.5467797131668315,0.1237332308394834,-0.1461804936153607,1.205458128333288
M7_human_capital_robustnessa_from_M4_real_interest_robustness,pooled_ols,Intercept,-23.856695970570208,15.881774454859256,-1.5021429776866595,0.1330601875571336,-54.9844019126826,7.271009971542185
M7_human_capital_robustnessa_from_M4_real_interest_robustness,pooled_ols,broad_money_growth_pct,0.0500780479160342,0.0274590089217733,1.823738360648748,0.0681916365033285,-0.0037406206218055,0.103896716453874
M7_human_capital_robustnessa_from_M4_real_interest_robustness,pooled_ols,real_interest_rate_pct,0.2930045508105682,0.1721354662668607,1.7021742071231551,0.0887227163573817,-0.0443747635344881,0.6303838651556246
M7_human_capital_robustnessa_from_M4_real_interest_robustness,pooled_ols,inflation_gdp_deflator_pct,0.2708505890122836,0.1717849302615769,1.5766842213683083,0.1148682027746697,-0.065841687387132,0.6075428654116992
M7_human_capital_robustnessa_from_M4_real_interest_robustness,pooled_ols,trade_pct_gdp,0.05569823232275,0.0033498900930755,16.626883502202855,4.451543703215848e-62,0.0491325683881545,0.0622638962573456
M7_human_capital_robustnessa_from_M4_real_interest_robustness,pooled_ols,ln_gdppc,0.3734173962136092,0.301273361533719,1.239463702707137,0.2151738228370073,-0.2170675418937948,0.9639023343210134
M7_human_capital_robustnessa_from_M4_real_interest_robustness,pooled_ols,xr_dep_pct,-0.0168870583239913,0.0288414158222703,-0.5855141934797709,0.5582020257613978,-0.0734151945987849,0.0396410779508022
M7_human_capital_robustnessa_from_M4_real_interest_robustness,pooled_ols,hc_human_capital_index,3.2611164348102673,3.892689969461119,0.8377539594456112,0.4021689013145963,-4.368415708313848,10.890648577934382
M7_human_capital_robustnessa_from_M4_real_interest_robustness,fixed_effects,Intercept,-32.72209475695101,30.218326909912932,-1.0828559388645944,0.280973553506376,-92.53262836604642,27.088438852144417
M7_human_capital_robustnessa_from_M4_real_interest_robustness,fixed_effects,broad_money_growth_pct,0.0527815276964803,0.0212740486379482,2.481028815658979,0.0144401655975152,0.0106742262282402,0.0948888291647204
M7_human_capital_robustnessa_from_M4_real_interest_robustness,fixed_effects,real_interest_rate_pct,0.0809333340781616,0.0954777632455498,0.8476668422784179,0.3982567371696035,-0.1080439042892576,0.2699105724455809
M7_human_capital_robustnessa_from_M4_real_interest_robustness,fixed_effects,inflation_gdp_deflator_pct,0.0770269711483028,0.1023381236386098,0.7526713253050336,0.4530739597511977,-0.1255288421376708,0.2795827844342765
M7_human_capital_robustnessa_from_M4_real_interest_robustness,fixed_effects,trade_pct_gdp,-0.0159081404808654,0.0156661017616457,-1.0154498370368206,0.3118686947025892,-0.0469157442020047,0.0150994632402739
M7_human_capital_robustnessa_from_M4_real_interest_robustness,fixed_effects,ln_gdppc,1.4804815061858307,1.144916056792797,1.2930917488685052,0.198383269454992,-0.7856280801769668,3.746591092548628
M7_human_capital_robustnessa_from_M4_real_interest_robustness,fixed_effects,xr_dep_pct,0.0244802497076393,0.041998856866489,0.5828789527643604,0.5610332974905023,-0.0586472526072784,0.1076077520225572
M7_human_capital_robustnessa_from_M4_real_interest_robustness,fixed_effects,hc_human_capital_index,0.2337749781090081,2.289410403742023,0.102111433462041,0.9188331666030544,-4.297609512708241,4.7651594689262575
M7_human_capital_robustnessa_from_M4_real_interest_robustness,fixed_effects_driscoll_kraay,Intercept,-32.72209475695101,12.155812193123928,-2.6918888048846816,0.008086412408476,-56.781852131678065,-8.662337382223956
M7_human_capital_robustnessa_from_M4_real_interest_robustness,fixed_effects_driscoll_kraay,broad_money_growth_pct,0.0527815276964803,0.0294416270808844,1.792751723655577,0.0754506027226995,-0.0054916993844682,0.1110547547774289
M7_human_capital_robustnessa_from_M4_real_interest_robustness,fixed_effects_driscoll_kraay,real_interest_rate_pct,0.0809333340781616,0.1178844307043208,0.686548118310548,0.4936493760043672,-0.152392975669216,0.3142596438255393
M7_human_capital_robustnessa_from_M4_real_interest_robustness,fixed_effects_driscoll_kraay,inflation_gdp_deflator_pct,0.0770269711483028,0.1314099792603661,0.5861576996042837,0.5588350029699312,-0.1830701879218883,0.3371241302184941
M7_human_capital_robustnessa_from_M4_real_interest_robustness,fixed_effects_driscoll_kraay,trade_pct_gdp,-0.0159081404808654,0.0170998613919226,-0.9303081537479472,0.354019170698284,-0.0497535561301665,0.0179372751684357
M7_human_capital_robustnessa_from_M4_real_interest_robustness,fixed_effects_driscoll_kraay,ln_gdppc,1.4804815061858307,0.5252822809205927,2.818449355632531,0.0056185016439129,0.4408007319680784,2.520162280403583
M7_human_capital_robustnessa_from_M4_real_interest_robustness,fixed_effects_driscoll_kraay,xr_dep_pct,0.0244802497076393,0.0415582059313799,0.5890593484247293,0.5568930791561701,-0.0577750809730647,0.1067355803883435
M7_human_capital_robustnessa_from_M4_real_interest_robustness,fixed_effects_driscoll_kraay,hc_human_capital_index,0.2337749781090081,3.1616367270317407,0.0739411255285121,0.941176378417879,-6.023989731552981,6.491539687770998
M7_human_capital_robustnessa_from_M4_real_interest_robustness,random_effects,Intercept,,,,,,
M7_human_capital_robustnessa_from_M4_real_interest_robustness,random_effects,broad_money_growth_pct,,,,,,
M7_human_capital_robustnessa_from_M4_real_interest_robustness,random_effects,real_interest_rate_pct,,,,,,
M7_human_capital_robustnessa_from_M4_real_interest_robustness,random_effects,inflation_gdp_deflator_pct,,,,,,
M7_human_capital_robustnessa_from_M4_real_interest_robustness,random_effects,trade_pct_gdp,,,,,,
M7_human_capital_robustnessa_from_M4_real_interest_robustness,random_effects,ln_gdppc,,,,,,
M7_human_capital_robustnessa_from_M4_real_interest_robustness,random_effects,xr_dep_pct,,,,,,
M7_human_capital_robustnessa_from_M4_real_interest_robustness,random_effects,hc_human_capital_index,,,,,,
M7_human_capital_robustnessb_from_M2_main_monetary_policy,pooled_ols,Intercept,-6.940784993012772,7.109638473183668,-0.9762500609830188,0.3289405607849994,-20.8754203435531,6.993850357527555
M7_human_capital_robustnessb_from_M2_main_monetary_policy,pooled_ols,broad_money_growth_pct,0.0579441282036483,0.0336939445040999,1.7197193459079136,0.0854834695023809,-0.0080947895214788,0.1239830459287755
M7_human_capital_robustnessb_from_M2_main_monetary_policy,pooled_ols,deposit_interest_rate_pct,-0.2526812781666488,0.174411260986522,-1.448766993240048,0.1474026643440241,-0.5945210681984479,0.0891585118651502
M7_human_capital_robustnessb_from_M2_main_monetary_policy,pooled_ols,inflation_gdp_deflator_pct,0.023738218115184,0.0458503357738301,0.517732699544002,0.6046447801400141,-0.0661267886805915,0.1136032249109596
M7_human_capital_robustnessb_from_M2_main_monetary_policy,pooled_ols,trade_pct_gdp,0.0573471388010071,0.0038618642876134,14.849599708861474,6.9985291215750995e-50,0.0497780238841033,0.0649162537179109
M7_human_capital_robustnessb_from_M2_main_monetary_policy,pooled_ols,ln_gdppc,0.4355054710921345,0.3557595029204518,1.2241569586112055,0.2208930224874722,-0.261770341789823,1.1327812839740925
M7_human_capital_robustnessb_from_M2_main_monetary_policy,pooled_ols,xr_dep_pct,0.0251331759911866,0.0492318206197956,0.5105067347657839,0.6096964975336471,-0.0713594193169491,0.1216257712993224
M7_human_capital_robustnessb_from_M2_main_monetary_policy,pooled_ols,hc_human_capital_index,-2.704381353894281,1.9469804499140455,-1.3890131018078136,0.1648287660364961,-6.520392914329401,1.111630206540839
M7_human_capital_robustnessb_from_M2_main_monetary_policy,fixed_effects,Intercept,-40.65528959489466,33.022400775112914,-1.2311427588733712,0.2202764552119147,-105.92654358044956,24.61596439066023
M7_human_capital_robustnessb_from_M2_main_monetary_policy,fixed_effects,broad_money_growth_pct,0.0251021459268267,0.0189851820248814,1.322196747649221,0.1881989802758419,-0.0124234914835802,0.0626277833372337
M7_human_capital_robustnessb_from_M2_main_monetary_policy,fixed_effects,deposit_interest_rate_pct,0.1785244550207708,0.0885661619639876,2.015718543763493,0.0456896933209571,0.0034667876075067,0.3535821224340348
M7_human_capital_robustnessb_from_M2_main_monetary_policy,fixed_effects,inflation_gdp_deflator_pct,-0.0019652580673664,0.0287357036892897,-0.0683908105615298,0.9455694102547654,-0.0587635334783662,0.0548330173436332
M7_human_capital_robustnessb_from_M2_main_monetary_policy,fixed_effects,trade_pct_gdp,-0.0146235041181274,0.0173137513534377,-0.8446178889604915,0.3997252819110164,-0.0488454333391144,0.0195984251028595
M7_human_capital_robustnessb_from_M2_main_monetary_policy,fixed_effects,ln_gdppc,2.0736369131051227,1.369928680203617,1.5136823858574238,0.1322981805365877,-0.6341299581350421,4.7814037843452875
M7_human_capital_robustnessb_from_M2_main_monetary_policy,fixed_effects,xr_dep_pct,0.0232808511215375,0.0364006776807387,0.6395719147244487,0.5234671266342557,-0.0486678207611078,0.095229523004183
M7_human_capital_robustnessb_from_M2_main_monetary_policy,fixed_effects,hc_human_capital_index,-2.2578127205954304,3.626379285743327,-0.6226079906952229,0.5345268611464067,-9.425623595996525,4.909998154805663
M7_human_capital_robustnessb_from_M2_main_monetary_policy,fixed_effects_driscoll_kraay,Intercept,-40.65528959489466,18.21570793385067,-2.231880843859162,0.027167325041407,-76.66000370317678,-4.650575486612539
M7_human_capital_robustnessb_from_M2_main_monetary_policy,fixed_effects_driscoll_kraay,broad_money_growth_pct,0.0251021459268267,0.0210902520098971,1.190225034534762,0.2359164702048666,-0.0165843203277653,0.0667886121814188
M7_human_capital_robustnessb_from_M2_main_monetary_policy,fixed_effects_driscoll_kraay,deposit_interest_rate_pct,0.1785244550207708,0.1632875526303784,1.093313312282186,0.2760818570788648,-0.1442256500669671,0.5012745601085088
M7_human_capital_robustnessb_from_M2_main_monetary_policy,fixed_effects_driscoll_kraay,inflation_gdp_deflator_pct,-0.0019652580673664,0.0422483746616571,-0.0465167733221712,0.9629628142103082,-0.0854723419949576,0.0815418258602247
M7_human_capital_robustnessb_from_M2_main_monetary_policy,fixed_effects_driscoll_kraay,trade_pct_gdp,-0.0146235041181274,0.0168185104248293,-0.8694886615248998,0.3860268865919414,-0.0478665524680543,0.0186195442317993
M7_human_capital_robustnessb_from_M2_main_monetary_policy,fixed_effects_driscoll_kraay,ln_gdppc,2.0736369131051227,0.6730805238068979,3.080815503881724,0.0024735839735354,0.7432427324603286,3.404031093749917
M7_human_capital_robustnessb_from_M2_main_monetary_policy,fixed_effects_driscoll_kraay,xr_dep_pct,0.0232808511215375,0.0313453305538289,0.7427215062083204,0.4588601989069019,-0.0386755476810007,0.0852372499240758
M7_human_capital_robustnessb_from_M2_main_monetary_policy,fixed_effects_driscoll_kraay,hc_human_capital_index,-2.2578127205954304,2.6886956059532223,-0.8397427792109509,0.4024446372766448,-7.572221414898431,3.05659597370757
M7_human_capital_robustnessb_from_M2_main_monetary_policy,random_effects,Intercept,-29.378519842255848,10.443304264712998,-2.813144106269437,0.0054704213414382,-49.99038007223976,-8.766659612271933
M7_human_capital_robustnessb_from_M2_main_monetary_policy,random_effects,broad_money_growth_pct,0.0659357649112728,0.0258762593272834,2.54811810614958,0.0116954744918318,0.0148640133842247,0.1170075164383208
M7_human_capital_robustnessb_from_M2_main_monetary_policy,random_effects,deposit_interest_rate_pct,-0.0333969411743997,0.0948012900005219,-0.3522836152779761,0.7250518933018026,-0.2205054357258252,0.1537115533770257
M7_human_capital_robustnessb_from_M2_main_monetary_policy,random_effects,inflation_gdp_deflator_pct,0.0254930317930219,0.0375533367941471,0.6788486448691577,0.4981356955830334,-0.0486256675716897,0.0996117311577335
M7_human_capital_robustnessb_from_M2_main_monetary_policy,random_effects,trade_pct_gdp,0.0129079134855877,0.0046657854986488,2.766503837205082,0.0062784935050328,0.0036990925871881,0.0221167343839873
M7_human_capital_robustnessb_from_M2_main_monetary_policy,random_effects,ln_gdppc,1.0921621101297223,0.6638852847977796,1.6451066699910306,0.1017531282920456,-0.2181425934526126,2.4024668137120573
M7_human_capital_robustnessb_from_M2_main_monetary_policy,random_effects,xr_dep_pct,-0.0167781592376478,0.0211160198053096,-0.7945701601126983,0.4279459879037657,-0.0584546667690097,0.024898348293714
M7_human_capital_robustnessb_from_M2_main_monetary_policy,random_effects,hc_human_capital_index,1.8307122813733872,4.139832826704361,0.4422188909571938,0.6588799842211872,-6.340040330695082,10.001464893441856
