model_id,model_order,workbook_code,workbook_model,purpose,equation_variables,estimated_complete_observations,recommendation,model_tier,channel,thesis_role,monetary_proxy,headline_eligible,appendix_only,lagged_proxy_only,workbook_variables,base_regressors,mapped_regressors,lagged_model,exclude_countries,status,missing_reason
M1_baseline_liquidity,1.0,M1,M1 - Baseline liquidity,Kiểm tra kênh cung tiền,"fdi_gdp_it = α_i + λ_t + β1 bm_gdp_it + γ controls_it + ε_it; controls = infl, trade_gdp, ln_gdppc, xr_dep/ln_xr",122.0,Use as baseline if muốn giữ mẫu lớn nhất.,workbook_defined,,,,True,False,False,"bm_gdp, infl, trade_gdp, ln_gdppc, xr_dep, ln_xr","broad_money_growth_pct, inflation_gdp_deflator_pct, trade_pct_gdp, ln_gdppc, xr_dep_pct","broad_money_growth_pct, inflation_gdp_deflator_pct, trade_pct_gdp, ln_gdppc, xr_dep_pct",False,,estimated,
M2_main_monetary_policy,2.0,M2,M2 - Main monetary policy,Kênh cung tiền + lãi suất,fdi_gdp_it = α_i + λ_t + β1 bm_gdp_it + β2 ir_deposit_it + γ controls_it + ε_it,119.0,Recommended main model with available data.,workbook_defined,,,,True,False,False,"bm_gdp, ir_deposit, infl, trade_gdp, ln_gdppc, xr_dep, ln_xr","broad_money_growth_pct, deposit_interest_rate_pct, inflation_gdp_deflator_pct, trade_pct_gdp, ln_gdppc, xr_dep_pct","broad_money_growth_pct, deposit_interest_rate_pct, inflation_gdp_deflator_pct, trade_pct_gdp, ln_gdppc, xr_dep_pct",False,"Cambodia, Lao PDR",estimated,
M3_lagged_main_model,3.0,M3,M3 - Lagged main model,Giảm vấn đề nội sinh/đồng thời,"fdi_gdp_it = α_i + λ_t + β1 bm_gdp_i,t-1 + β2 ir_deposit_i,t-1 + γ controls_i,t-1 + ε_it",,Recommended if bạn tạo biến trễ 1 năm.,workbook_defined,,,,True,False,False,"bm_gdp, ir_deposit, infl, trade_gdp, ln_gdppc, xr_dep, ln_xr","broad_money_growth_pct, deposit_interest_rate_pct, inflation_gdp_deflator_pct, trade_pct_gdp, ln_gdppc, xr_dep_pct","broad_money_growth_pct_lag1, deposit_interest_rate_pct_lag1, inflation_gdp_deflator_pct_lag1, trade_pct_gdp_lag1, ln_gdppc_lag1, xr_dep_pct_lag1",True,"Cambodia, Lao PDR",estimated,
M4_real_interest_robustness,4.0,M4,M4 - Real interest robustness,Thay proxy lãi suất bằng real interest rate,fdi_gdp_it = α_i + λ_t + β1 bm_gdp_it + β2 ir_real_it + γ controls_it + ε_it,104.0,"Use as robustness only; mẫu nhỏ hơn, Cambodia/Myanmar mất.",workbook_defined,,,,True,False,False,"bm_gdp, ir_real, infl, trade_gdp, ln_gdppc, xr_dep, ln_xr","broad_money_growth_pct, real_interest_rate_pct, inflation_gdp_deflator_pct, trade_pct_gdp, ln_gdppc, xr_dep_pct","broad_money_growth_pct, real_interest_rate_pct, inflation_gdp_deflator_pct, trade_pct_gdp, ln_gdppc, xr_dep_pct",False,"Cambodia, Lao PDR",estimated,
M5_lending_rate_robustness,5.0,M5,M5 - Lending rate robustness,Thay proxy lãi suất bằng lending rate,fdi_gdp_it = α_i + λ_t + β1 bm_gdp_it + β2 ir_lending_it + γ controls_it + ε_it,104.0,Use as robustness only; không đưa cùng ir_real/ir_deposit.,workbook_defined,,,,True,False,False,"bm_gdp, ir_lending, infl, trade_gdp, ln_gdppc, xr_dep, ln_xr","broad_money_growth_pct, lending_interest_rate_pct, inflation_gdp_deflator_pct, trade_pct_gdp, ln_gdppc, xr_dep_pct","broad_money_growth_pct, lending_interest_rate_pct, inflation_gdp_deflator_pct, trade_pct_gdp, ln_gdppc, xr_dep_pct",False,"Cambodia, Lao PDR",estimated,
M6_tourism_robustnessa_from_M4_real_interest_robustness,6.1,M6,M6 - Tourism robustness,Kiểm tra kênh dịch vụ/du lịch,Add ln_tourism to M4/M2,79.0,Optional; thiếu nhiều quan sát sau Covid.,workbook_defined,,,,True,True,False,"bm_gdp, ir_real, infl, trade_gdp, ln_gdppc, xr_dep, ln_xr, ln_tourism","broad_money_growth_pct, real_interest_rate_pct, inflation_gdp_deflator_pct, trade_pct_gdp, ln_gdppc, xr_dep_pct, ln_tourism_arrivals","broad_money_growth_pct, real_interest_rate_pct, inflation_gdp_deflator_pct, trade_pct_gdp, ln_gdppc, xr_dep_pct, ln_tourism_arrivals",False,"Cambodia, Lao PDR",estimated,
M6_tourism_robustnessb_from_M2_main_monetary_policy,6.2,M6,M6 - Tourism robustness,Kiểm tra kênh dịch vụ/du lịch,Add ln_tourism to M4/M2,79.0,Optional; thiếu nhiều quan sát sau Covid.,workbook_defined,,,,True,True,False,"bm_gdp, ir_deposit, infl, trade_gdp, ln_gdppc, xr_dep, ln_xr, ln_tourism","broad_money_growth_pct, deposit_interest_rate_pct, inflation_gdp_deflator_pct, trade_pct_gdp, ln_gdppc, xr_dep_pct, ln_tourism_arrivals","broad_money_growth_pct, deposit_interest_rate_pct, inflation_gdp_deflator_pct, trade_pct_gdp, ln_gdppc, xr_dep_pct, ln_tourism_arrivals",False,"Cambodia, Lao PDR",estimated,
M7_human_capital_robustnessa_from_M4_real_interest_robustness,7.1,M7,M7 - Human capital robustness,Kiểm soát chất lượng lao động,Add hc to M4/M2,91.0,Optional after fixing number-format issue in combined file.,workbook_defined,,,,True,True,False,"bm_gdp, ir_real, infl, trade_gdp, ln_gdppc, xr_dep, ln_xr, hc","broad_money_growth_pct, real_interest_rate_pct, inflation_gdp_deflator_pct, trade_pct_gdp, ln_gdppc, xr_dep_pct, hc_human_capital_index","broad_money_growth_pct, real_interest_rate_pct, inflation_gdp_deflator_pct, trade_pct_gdp, ln_gdppc, xr_dep_pct, hc_human_capital_index",False,"Cambodia, Lao PDR",estimated,
M7_human_capital_robustnessb_from_M2_main_monetary_policy,7.2,M7,M7 - Human capital robustness,Kiểm soát chất lượng lao động,Add hc to M4/M2,91.0,Optional after fixing number-format issue in combined file.,workbook_defined,,,,True,True,False,"bm_gdp, ir_deposit, infl, trade_gdp, ln_gdppc, xr_dep, ln_xr, hc","broad_money_growth_pct, deposit_interest_rate_pct, inflation_gdp_deflator_pct, trade_pct_gdp, ln_gdppc, xr_dep_pct, hc_human_capital_index","broad_money_growth_pct, deposit_interest_rate_pct, inflation_gdp_deflator_pct, trade_pct_gdp, ln_gdppc, xr_dep_pct, hc_human_capital_index",False,"Cambodia, Lao PDR",estimated,
