Country Name,Country Code,Series Name,Series Code,2000 [YR2000],2001 [YR2001],2002 [YR2002],2003 [YR2003],2004 [YR2004],2005 [YR2005],2006 [YR2006],2007 [YR2007],2008 [YR2008],2009 [YR2009],2010 [YR2010],2011 [YR2011],2012 [YR2012],2013 [YR2013],2014 [YR2014],2015 [YR2015],2016 [YR2016],2017 [YR2017],2018 [YR2018],2019 [YR2019],2020 [YR2020],2021 [YR2021],2022 [YR2022],2023 [YR2023],2024 [YR2024],2025 [YR2025]
Brunei Darussalam,BRN,"International tourism, number of arrivals",ST.INT.ARVL,984000,840000,891000,944000,..,815000,836000,877000,..,..,..,..,..,..,..,..,4257000,4316000,4521000,4449000,1071000,..,..,..,..,..
Brunei Darussalam,BRN,Lending interest rate (%),FR.INR.LEND,5.5,5.5,5.5,5.5,5.5,5.5,5.5,5.5,5.5,5.5,5.5,5.5,5.5,5.5,5.5,5.5,5.5,5.5,5.5,5.5,5.5,5.5,5.5,5.5,5.5,..
Brunei Darussalam,BRN,Deposit interest rate (%),FR.INR.DPST,..,..,..,1.06475,1.04391666666666,1.006,1.0415,1.17275666666666,0.875761458333333,0.699921291666666,0.47054075,0.395686666666666,0.231537407407407,0.284346666666666,0.3,0.335774333333333,0.3411654,0.3155,0.312166666666666,0.36775,0.23,0.1385,0.141416666666666,0.192270833333333,0.388,..
Indonesia,IDN,"International tourism, number of arrivals",ST.INT.ARVL,5064000,5153000,5033000,4467000,5321000,5002000,4871000,5506000,6234000,6324000,7003000,7650000,8044000,8802000,9435000,10407000,11519000,14040000,15810000,16107000,4053000,..,..,..,..,..
Indonesia,IDN,Lending interest rate (%),FR.INR.LEND,18.455,18.5475,18.945,16.935,14.1241666666667,14.0508333333333,15.9791666666667,13.8616666666667,13.5983333333333,14.4983333333333,13.2516666666667,12.4033333333333,11.795,11.6575,12.605,12.6625,11.8883333333333,11.0733333333333,10.5366666666667,10.3658333333333,9.54416666666667,8.9225,8.52,8.92666666666667,8.79568784927158,..
Indonesia,IDN,Deposit interest rate (%),FR.INR.DPST,12.5033333333333,15.4816666666667,15.5025,10.59,6.44333333333333,8.07916666666667,11.4108333333333,7.97583333333333,8.4925,9.27833333333333,7.01666666666667,6.93083333333333,5.94666666666667,6.26416666666667,8.7525,8.33666666666667,7.1658935677562,6.51833333333333,6.12916666666667,6.68833333333333,5.50416666666667,3.66583333333333,3.21,4.63416666666667,5.42627869005442,..
Cambodia,KHM,"International tourism, number of arrivals",ST.INT.ARVL,466000,605000,787000,701000,1055000,1422000,1700000,2015000,2125000,2162000,2508000,2882000,3584000,4210000,4503000,4775000,5012000,5602000,6201000,6611000,1306000,..,..,..,..,..
Cambodia,KHM,Lending interest rate (%),FR.INR.LEND,..,..,..,..,..,..,..,..,..,..,..,..,..,..,..,..,..,..,..,..,..,..,..,..,..,..
Cambodia,KHM,Deposit interest rate (%),FR.INR.DPST,6.83,4.36166666666667,2.49166666666667,2.01666666666667,1.79166666666667,1.91666666666667,1.84166666666667,1.9046875,1.90520833333333,1.66333333333333,1.26459166666667,1.3380375,1.3337962962963,1.34340277777778,1.41875,1.41877083333333,1.43699166666667,1.52522321428571,1.37611111111111,1.43527777777778,1.48833333333333,1.39824074074074,1.49600505050505,1.51159090909091,1.5249696969697,..
Lao PDR,LAO,"International tourism, number of arrivals",ST.INT.ARVL,737000,674000,736000,636000,895000,1095000,1215000,1624000,1737000,2008000,2513000,2724000,3330000,3779000,4159000,4684000,4239000,3869000,4186000,4791000,886400.024414063,..,..,..,..,..
Lao PDR,LAO,Lending interest rate (%),FR.INR.LEND,32,26.1666666666667,29.3333333333333,30.5,29.25,26.8333333333333,30,28.5,24,24.775,22.6125,..,..,..,..,..,..,..,..,..,..,..,..,..,..,..
Lao PDR,LAO,Deposit interest rate (%),FR.INR.DPST,12,6.5,6,6.58333333333333,7.85416666666667,4.75,5,5,4.66666666666667,3.25,3,..,..,..,..,..,..,..,..,..,..,..,..,..,..,..
Myanmar,MMR,"International tourism, number of arrivals",ST.INT.ARVL,416000,475000,487000,597000,657000,660000,630000,716000,731000,763000,792000,816000,1059000,2044000,3081000,4681000,2907000,3443000,3551000,4364000,903000,..,..,..,..,..
Myanmar,MMR,Lending interest rate (%),FR.INR.LEND,18.7692307692308,18.4615384615385,18.4615384615385,18.4615384615385,18.4615384615385,18.4615384615385,19.7948717948718,20.9230769230769,20.9230769230769,20.9230769230769,20.9230769230769,20.1025641025641,16,16,16,16,16,16,16,16,14.8333333333333,..,..,..,..,..
Myanmar,MMR,Deposit interest rate (%),FR.INR.DPST,9.75,9.5,9.5,9.5,9.5,9.5,11.375,12,12,12,12,11.3333333333333,8,8,8,8,8,8,8,8,5.83333333333333,..,..,..,..,..
Malaysia,MYS,"International tourism, number of arrivals",ST.INT.ARVL,10222000,12775000,13292000,10577000,15703000,16431000,17547000,20973000,22052000,23646000,24577000,24714000,25033000,25715000,27437000,25721000,26757000,25948000,25832000,26101000,4333000,..,..,..,..,..
Malaysia,MYS,Lending interest rate (%),FR.INR.LEND,7.67333333333333,7.12666666666667,6.52833333333334,6.30083333333333,6.04583333333333,5.9525,6.48583333333333,6.40916666666667,6.08,5.08416666666666,5,4.915,4.78583333333333,4.6498,4.587025,4.565375,4.53106666666667,4.60807808641975,4.92844038461538,4.87689294871795,3.94420769234615,3.44410640384615,3.90802666666667,5.31737500641025,5.282681,..
Malaysia,MYS,Deposit interest rate (%),FR.INR.DPST,3.3625,3.37416666666667,3.205,3.06666666666667,3,3.00166666666667,3.14916666666667,3.16583333333333,3.12583333333333,2.08166666666667,2.5025,2.91083333333333,2.98083333333333,2.97,3.04810778727445,3.13448717948718,3.02803563034188,2.92451866666667,3.14344372222222,2.983390625,1.95497673611111,1.56172118055556,1.94905,2.65041666666666,2.6471154589372,..
Philippines,PHL,"International tourism, number of arrivals",ST.INT.ARVL,1992000,1797000,1933000,1907000,2291000,2623000,2843000,3092000,3139000,3017000,3520000,3917000,4273000,4681000,4833000,5361000,5967000,6621000,7168000,8261000,1483000,..,..,..,..,..
Philippines,PHL,Lending interest rate (%),FR.INR.LEND,10.90725,12.4015833333333,9.1385,9.47166666666667,10.079,10.1849166666667,9.77866666666667,8.69141666666667,8.75108333333334,8.56616666666667,7.67266666666667,6.66325,5.6795,5.76683333333333,5.52591666666666,5.57825,5.642,5.62725,6.1185,7.09583333333333,..,..,..,..,..,..
Philippines,PHL,Deposit interest rate (%),FR.INR.DPST,8.30508333333334,8.74416666666667,4.608,5.22066666666667,6.1775,5.556,5.29416666666666,3.696,4.4895,2.741,3.21966666666667,3.38791666666667,3.15591666666667,1.66183333333333,1.22883333333333,1.592,1.59616666666667,1.8785,3.11671003598467,4.08365194191513,..,..,..,..,..,..
Singapore,SGP,"International tourism, number of arrivals",ST.INT.ARVL,7691000,7522000,7567000,6127000,8329000,8943000,9751000,10285000,10116000,9683000,11642000,13171000,14496000,15568000,15095000,15231500,16403000,17425000,18508000,19116000,2742000,..,..,..,..,..
Singapore,SGP,Lending interest rate (%),FR.INR.LEND,5.83333333333333,5.64833333333333,5.34583333333333,5.30666666666667,5.3,5.3,5.3125,5.33,5.38,5.38,5.38,5.38,5.38,5.38,5.35,5.35,5.35,5.28,5.33,5.25,5.25,5.25,..,..,..,..
Singapore,SGP,Deposit interest rate (%),FR.INR.DPST,1.71166666666667,1.52,0.869166666666667,0.5025,0.403333333333333,0.440833333333333,0.57,0.529166666666667,0.419166666666667,0.2925,0.205833333333333,0.168333333333333,0.135833333333333,0.14,0.144166666666667,0.166666666666667,0.19,0.141666666666667,0.156666666666667,0.1975,0.183333333333333,0.121666666666667,..,..,..,..
Thailand,THA,"International tourism, number of arrivals",ST.INT.ARVL,9579000,10133000,10873000,10082000,11737000,11567000,13822000,14464000,14584000,14150000,15936000,19230000,22354000,26547000,24810000,29923000,32530000,35592000,38178000,39916000,..,..,..,..,..,..
Thailand,THA,Lending interest rate (%),FR.INR.LEND,7.83333333333333,7.27083333333333,..,..,4.55308715722008,4.71935005845093,6.27380728455047,6.04656836196979,5.82188819286142,4.77599754065056,4.33403991889774,5.06756761337228,5.18731410654716,5.06043360051236,4.94915214812624,4.73187498877014,4.46834552349908,4.41658283333333,4.14666666666666,4.08416666666666,3.2925,3.06,3.13833333333333,4.28583333333333,4.51416666666667,..
Thailand,THA,Deposit interest rate (%),FR.INR.DPST,3.29166666666667,2.54166666666667,..,..,1.09836378355252,1.65311094810176,4.33873042661947,2.8407899146902,2.53599795678966,1.02193983408434,1.19967250261727,2.4580602042386,2.60014998247194,2.43305606719736,1.75309614610678,1.43341559553114,1.30034238213158,1.28916187722766,1.2875,1.41666666666667,0.621666666666666,0.405833333333333,0.51,1.37416666666667,1.63333333333333,..
Viet Nam,VNM,"International tourism, number of arrivals",ST.INT.ARVL,2140000,2330000,2628000,2429000,2928000,3477000,3583000,4229000,4236000,3747000,5050000,6014000,6848000,7572000,7874000,7944000,10013000,12922000,15498000,18009000,3837000,..,..,..,..,..
Viet Nam,VNM,Lending interest rate (%),FR.INR.LEND,10.55,9.42,9.06166666666667,9.48,9.7225,11.025,11.17625,11.18,15.7835714285714,10.069,13.13525,16.9538333333333,13.4716666666667,10.3741666666667,8.665,7.1175,6.96,7.0675,7.371875,7.7075,7.6475,7.811,8.01333333333333,9.323,..,..
Viet Nam,VNM,Deposit interest rate (%),FR.INR.DPST,3.65333333333333,5.30416666666667,6.4475,6.62166666666667,6.17125,7.145,7.63,7.4925,12.7304166666667,7.91,11.19375,13.9935,10.5036666666667,7.14,5.7575,4.7475,5.035,4.80916666666667,4.73825,4.975,4.12020833333333,3.375,3.8175,4.781,..,..
,,,,,,,,,,,,,,,,,,,,,,,,,,,,,
,,,,,,,,,,,,,,,,,,,,,,,,,,,,,
,,,,,,,,,,,,,,,,,,,,,,,,,,,,,
Data from database: World Development Indicators,,,,,,,,,,,,,,,,,,,,,,,,,,,,,
Last Updated: 04/08/2026,,,,,,,,,,,,,,,,,,,,,,,,,,,,,
